timestamp,usageCount,occupancy,odor,humidity,needs_cleaning
2025-07-26 19:54:00,12,1,50,100,1
2025-07-27 06:26:00,4,1,68,60,0
2025-07-20 06:50:00,11,0,67,77,0
2025-07-30 07:47:00,1,0,57,41,0
2025-07-21 23:03:00,1,1,194,53,0
2025-07-21 22:55:00,6,1,162,41,0
2025-07-26 05:19:00,12,0,200,90,1
2025-07-27 17:01:00,3,0,194,65,1
2025-07-19 09:47:00,15,0,199,92,1
2025-07-20 22:32:00,10,0,170,92,1
2025-07-27 14:36:00,1,0,41,60,0
2025-07-28 13:49:00,5,1,46,45,0
2025-07-28 18:16:00,13,0,173,82,1
2025-07-23 03:16:00,15,1,137,54,0
2025-07-24 13:39:00,6,1,78,53,0
2025-07-22 23:41:00,3,0,57,53,0
2025-07-21 07:07:00,14,0,166,90,1
2025-07-22 21:12:00,0,0,70,87,0
2025-07-29 01:09:00,1,1,82,60,0
2025-07-20 06:32:00,11,1,47,76,0
2025-07-24 03:48:00,4,0,66,52,0
2025-07-23 11:30:00,4,1,161,99,0
2025-07-23 18:54:00,5,0,44,58,0
2025-07-26 17:29:00,9,0,193,86,1
2025-07-28 09:24:00,3,1,71,58,0
2025-07-23 11:42:00,7,0,129,99,0
2025-07-31 04:12:00,13,0,83,57,1
2025-07-24 20:50:00,5,0,73,79,0
2025-07-26 03:24:00,5,1,120,98,0
2025-07-31 15:08:00,14,1,172,50,1
2025-07-19 17:04:00,12,1,187,75,1
2025-07-27 01:48:00,5,0,99,69,0
2025-07-27 01:26:00,7,0,156,54,0
2025-08-01 00:21:00,15,1,69,73,0
2025-07-30 04:11:00,9,0,163,85,1
2025-08-01 06:28:00,0,1,75,42,0
2025-07-19 11:48:00,13,0,174,83,1
2025-07-30 07:07:00,3,1,133,62,0
2025-07-30 01:58:00,1,0,64,56,0
2025-07-24 14:36:00,0,1,184,76,0
2025-07-29 03:00:00,6,1,41,62,0
2025-08-02 00:24:00,1,1,79,50,0
2025-07-28 18:40:00,1,0,68,60,0
2025-07-23 07:31:00,3,1,88,60,0
2025-07-27 00:55:00,8,0,53,61,1
2025-07-30 05:55:00,2,0,126,84,0
2025-07-20 05:35:00,1,1,69,89,0
2025-07-29 02:17:00,6,1,48,51,0
2025-07-27 23:14:00,7,0,103,66,0
2025-07-21 22:50:00,5,1,96,92,0
2025-07-22 21:53:00,1,0,76,49,0
2025-07-28 10:21:00,4,0,209,48,0
2025-07-24 09:57:00,11,0,176,91,1
2025-07-23 21:45:00,5,1,44,44,0
2025-07-22 08:00:00,0,0,85,56,0
2025-07-29 08:38:00,1,0,177,80,1
2025-07-24 08:21:00,11,0,60,50,0
2025-07-29 03:06:00,3,0,52,43,0
2025-07-26 14:22:00,10,0,177,93,1
2025-07-27 16:21:00,0,1,103,78,0
2025-07-28 05:01:00,5,0,42,49,0
2025-07-24 14:41:00,7,1,162,48,1
2025-07-27 07:22:00,5,0,88,51,0
2025-07-31 00:15:00,5,0,56,56,0
2025-07-30 21:14:00,9,0,90,93,1
2025-07-27 23:58:00,10,0,207,93,1
2025-07-30 09:04:00,8,0,107,67,0
2025-07-23 16:35:00,12,0,207,92,1
2025-07-25 19:15:00,11,0,207,91,1
2025-07-22 10:36:00,3,1,172,94,1
2025-07-31 17:40:00,1,1,114,68,0
2025-07-26 07:23:00,1,1,146,44,0
2025-07-22 00:00:00,5,0,55,57,0
2025-07-22 07:23:00,9,0,191,90,1
2025-07-21 09:25:00,12,0,183,100,1
2025-07-26 18:38:00,6,1,91,64,0
2025-07-19 19:13:00,10,0,177,100,1
2025-08-01 17:44:00,9,1,151,44,1
2025-08-02 00:20:00,4,0,88,40,0
2025-07-19 23:52:00,15,0,196,90,1
2025-07-20 05:00:00,2,0,70,42,0
2025-07-31 16:56:00,1,1,59,53,0
2025-07-21 16:55:00,2,1,42,100,1
2025-07-25 15:39:00,4,0,119,92,1
2025-08-01 14:53:00,6,0,191,95,1
2025-07-19 17:09:00,15,0,162,82,1
2025-08-01 10:30:00,8,1,98,53,0
2025-07-31 12:14:00,7,0,178,61,0
2025-07-31 22:43:00,11,0,204,100,1
2025-07-25 00:30:00,3,1,60,95,1
2025-07-26 12:32:00,5,0,93,56,0
2025-07-22 06:09:00,13,0,170,98,1
2025-07-23 08:37:00,11,0,177,96,1
2025-07-26 12:43:00,6,0,132,64,0
2025-07-27 19:02:00,12,1,174,81,0
2025-07-28 14:31:00,5,0,75,60,0
2025-07-22 06:16:00,9,0,200,80,1
2025-07-19 18:10:00,0,1,63,52,0
2025-07-24 00:24:00,14,0,68,48,0
2025-07-25 05:29:00,15,0,184,100,1
2025-07-30 20:52:00,14,0,193,98,1
2025-07-29 05:58:00,3,0,90,53,0
2025-07-20 04:14:00,8,0,105,73,0
2025-07-23 15:11:00,12,0,188,93,1
2025-08-01 14:27:00,0,1,55,59,0
2025-07-24 21:16:00,2,0,200,88,1
2025-07-22 21:54:00,5,0,87,67,0
2025-07-28 04:11:00,11,0,202,87,1
2025-07-26 20:46:00,10,0,164,92,1
2025-07-28 18:33:00,1,1,100,48,0
2025-08-01 11:39:00,9,1,123,61,0
2025-07-27 15:37:00,9,0,201,83,1
2025-07-26 04:00:00,11,0,198,81,1
2025-07-24 20:58:00,0,0,64,52,0
2025-07-27 23:21:00,3,1,204,69,0
2025-07-19 09:46:00,2,0,65,44,0
2025-07-21 01:08:00,6,0,189,88,0
2025-07-23 19:08:00,2,1,195,58,1
2025-07-29 21:50:00,5,1,100,44,0
2025-07-19 16:11:00,3,1,176,73,0
2025-07-24 13:57:00,0,0,165,55,0
2025-07-29 01:05:00,12,0,206,97,1
2025-07-21 05:34:00,4,1,44,50,0
2025-07-22 07:22:00,11,0,205,87,1
2025-07-31 22:01:00,5,0,69,60,0
2025-07-23 19:14:00,0,1,60,55,0
2025-07-24 05:51:00,12,0,195,96,1
2025-07-26 17:23:00,14,0,162,98,1
2025-07-22 23:45:00,15,0,116,46,0
2025-07-30 23:22:00,9,0,185,89,1
2025-07-25 08:30:00,3,0,81,46,0
2025-07-22 15:46:00,9,0,83,51,0
2025-07-26 19:05:00,13,1,181,42,0
2025-07-26 20:28:00,14,0,164,97,1
2025-08-01 07:20:00,13,1,91,54,0
2025-08-01 02:15:00,1,0,189,75,1
2025-07-28 13:41:00,15,0,204,83,1
2025-07-26 13:46:00,11,0,190,82,1
2025-07-27 16:00:00,11,0,68,49,0
2025-07-20 18:46:00,9,0,173,82,1
2025-07-27 02:10:00,11,0,164,80,1
2025-07-30 23:56:00,10,0,199,89,1
2025-07-26 00:04:00,11,1,93,81,0
2025-07-27 22:13:00,3,1,40,40,0
2025-07-28 16:51:00,2,0,71,50,0
2025-07-28 02:35:00,4,1,63,54,0
2025-07-26 03:27:00,5,1,60,82,0
2025-07-28 06:27:00,13,0,202,81,1
2025-07-26 18:41:00,2,0,43,56,0
2025-07-26 07:09:00,15,0,189,90,1
2025-07-26 10:56:00,4,1,40,56,0
2025-07-22 06:18:00,10,0,179,97,1
2025-07-20 11:58:00,9,1,56,66,1
2025-07-30 04:02:00,6,0,103,48,0
2025-07-26 22:17:00,3,1,86,48,0
2025-07-25 03:04:00,4,1,70,41,0
2025-07-29 00:29:00,15,0,193,87,1
2025-07-26 12:54:00,11,0,70,61,0
2025-07-20 23:37:00,0,1,70,42,0
2025-07-23 19:25:00,5,1,41,42,0
2025-07-26 00:20:00,9,0,139,78,0
2025-07-30 06:00:00,15,0,106,89,0
2025-07-19 08:22:00,2,0,87,42,0
2025-07-30 04:44:00,2,0,188,60,0
2025-07-28 03:18:00,1,1,67,74,0
2025-07-22 00:50:00,0,1,78,49,0
2025-07-29 01:41:00,4,1,141,42,0
2025-07-29 19:20:00,13,0,166,83,1
2025-07-20 02:38:00,15,0,192,97,1
2025-07-30 07:58:00,15,0,179,91,1
2025-07-25 17:07:00,7,1,50,77,0
2025-07-20 14:04:00,2,0,185,82,0
2025-07-24 12:04:00,13,0,204,64,1
2025-07-29 07:00:00,10,0,162,84,1
2025-07-20 12:12:00,14,0,177,83,1
2025-07-22 14:43:00,12,0,170,71,1
2025-07-21 15:34:00,0,0,172,41,0
2025-07-20 19:09:00,15,1,160,56,0
2025-07-24 04:15:00,0,1,107,95,0
2025-07-31 05:08:00,11,0,210,89,1
2025-07-20 00:41:00,5,0,91,76,0
2025-07-23 20:38:00,4,0,94,47,0
2025-07-29 10:41:00,5,1,202,50,0
2025-07-30 20:29:00,0,1,66,49,0
2025-07-28 08:10:00,3,1,44,43,0
2025-07-21 12:48:00,10,0,194,85,1
2025-07-28 09:59:00,2,1,131,49,0
2025-07-26 03:32:00,2,0,117,83,1
2025-07-27 13:19:00,2,0,69,42,0
2025-07-23 18:18:00,11,1,166,87,0
2025-07-26 16:41:00,2,1,95,46,0
2025-07-29 09:36:00,4,1,98,59,0
2025-07-21 22:19:00,15,0,185,91,1
2025-07-20 14:33:00,10,0,173,85,1
2025-07-20 07:39:00,0,1,193,70,1
2025-07-27 05:03:00,1,1,169,100,0
2025-07-23 01:07:00,13,0,167,95,1
2025-07-26 02:26:00,11,0,172,84,1
2025-07-23 11:59:00,2,1,52,70,0
2025-07-20 12:19:00,11,0,183,99,1
2025-07-29 18:04:00,2,1,116,71,0
2025-07-28 16:30:00,4,1,113,60,0
2025-07-24 02:54:00,5,1,192,87,1
2025-07-31 00:37:00,13,0,112,98,0
2025-07-23 14:55:00,5,0,40,52,0
2025-07-24 20:25:00,4,1,152,70,0
2025-07-20 09:49:00,5,0,75,55,0
2025-07-24 06:07:00,7,0,71,42,0
2025-07-22 19:37:00,3,1,162,95,1
2025-07-23 15:27:00,14,0,174,95,1
2025-07-19 08:12:00,1,1,93,46,0
2025-07-27 10:42:00,11,0,170,90,1
2025-07-29 08:42:00,3,1,88,60,0
2025-07-21 08:12:00,6,0,108,55,0
2025-07-20 05:09:00,8,0,115,46,0
2025-07-24 06:14:00,11,1,171,89,1
2025-07-28 10:29:00,12,0,67,43,0
2025-07-29 10:32:00,12,0,193,81,1
2025-07-22 23:20:00,13,1,50,88,0
2025-07-26 11:29:00,7,0,202,45,0
2025-07-20 21:05:00,1,0,51,54,0
2025-07-30 02:48:00,11,0,106,85,1
2025-07-24 11:43:00,2,0,90,56,0
2025-07-30 14:32:00,14,0,69,93,1
2025-07-30 07:53:00,2,1,120,72,0
2025-07-19 08:47:00,1,1,86,59,0
2025-08-02 00:02:00,2,1,119,61,0
2025-07-20 11:50:00,9,0,187,100,1
2025-07-24 01:57:00,15,0,69,97,1
2025-07-26 23:28:00,2,0,98,56,0
2025-07-29 23:45:00,13,0,180,85,1
2025-07-19 08:59:00,14,0,191,84,1
2025-07-24 11:00:00,15,0,193,84,1
2025-07-30 12:54:00,11,0,207,96,1
2025-07-29 11:17:00,10,1,97,56,0
2025-07-19 17:55:00,3,0,166,70,0
2025-07-20 08:46:00,12,0,168,86,1
2025-07-27 16:33:00,14,0,175,95,1
2025-07-24 10:56:00,0,1,101,91,0
2025-07-22 06:06:00,3,1,98,52,0
2025-07-31 07:06:00,1,1,57,54,0
2025-08-01 22:06:00,1,1,93,49,0
2025-07-21 15:42:00,15,0,87,67,1
2025-07-21 12:32:00,3,0,57,40,0
2025-07-20 14:10:00,10,0,195,96,1
2025-07-22 23:17:00,14,1,61,90,1
2025-07-24 14:08:00,9,0,204,95,1
2025-07-24 06:18:00,5,1,94,55,0
2025-07-22 07:28:00,9,0,166,94,1
2025-07-27 17:35:00,1,0,201,64,0
2025-07-25 15:39:00,4,0,77,55,0
2025-07-28 08:45:00,11,1,192,56,1
2025-07-23 06:10:00,15,0,81,70,0
2025-07-22 22:41:00,9,0,203,81,1
2025-07-24 18:32:00,6,1,115,66,0
2025-07-26 00:54:00,5,0,48,47,0
2025-07-22 09:30:00,0,1,59,55,0
2025-07-30 06:01:00,10,0,181,84,1
2025-07-20 11:29:00,7,1,148,68,0
2025-07-24 23:07:00,9,0,79,57,0
2025-07-24 09:20:00,2,1,77,79,0
2025-07-21 17:49:00,7,0,80,71,0
2025-07-24 07:32:00,5,1,114,49,0
2025-08-01 10:09:00,2,1,98,45,0
2025-07-27 14:43:00,15,1,156,55,1
2025-07-27 06:55:00,8,0,78,99,0
2025-07-29 13:46:00,1,1,48,47,0
2025-07-26 15:17:00,10,1,84,75,0
2025-08-01 13:18:00,13,0,209,92,1
2025-07-31 11:54:00,12,0,191,80,1
2025-07-28 20:53:00,6,1,98,79,0
2025-07-24 21:47:00,13,0,163,99,1
2025-07-29 19:07:00,0,1,59,48,0
2025-08-01 17:18:00,12,0,161,96,1
2025-07-29 07:34:00,3,1,104,58,0
2025-07-23 18:52:00,5,0,58,41,0
2025-07-21 11:31:00,10,0,66,94,1
2025-07-26 10:41:00,13,0,170,99,1
2025-07-19 12:22:00,1,0,143,46,0
2025-07-29 23:23:00,1,1,51,52,0
2025-07-26 04:28:00,9,0,197,100,1
2025-08-01 20:27:00,15,0,205,90,1
2025-07-19 22:10:00,13,0,164,88,1
2025-07-20 09:21:00,7,1,121,94,1
2025-07-20 13:41:00,6,0,195,52,0
2025-07-20 09:43:00,5,1,51,50,0
2025-07-31 02:29:00,8,1,95,47,0
2025-07-23 08:13:00,9,0,182,86,1
2025-07-21 05:07:00,14,1,131,42,0
2025-07-25 23:27:00,12,0,173,88,1
2025-07-28 00:59:00,15,0,164,87,1
2025-07-26 01:36:00,2,1,51,66,0
2025-07-24 06:32:00,7,1,195,56,0
2025-07-26 06:19:00,13,1,204,70,0
2025-07-31 19:59:00,5,1,134,74,0
2025-07-30 22:24:00,10,0,179,84,1
2025-07-20 01:56:00,14,0,183,87,1
2025-07-26 19:04:00,12,0,95,44,0
2025-07-22 00:39:00,4,1,128,66,0
2025-07-30 14:37:00,5,0,198,58,1
2025-07-29 03:46:00,2,1,78,56,0
2025-07-24 18:14:00,3,1,166,54,0
2025-08-01 17:35:00,4,0,193,81,0
2025-07-31 21:25:00,12,0,192,62,0
2025-08-01 10:55:00,3,1,50,49,0
2025-07-22 03:09:00,12,0,131,73,1
2025-07-24 12:18:00,0,1,122,53,0
2025-07-21 02:55:00,11,0,170,84,1
2025-07-23 10:58:00,12,0,196,93,1
2025-07-24 08:07:00,13,0,158,84,1
2025-07-30 07:11:00,14,0,200,90,1
2025-07-21 09:09:00,11,0,67,66,1
2025-07-19 11:22:00,10,0,169,99,1
2025-07-23 20:01:00,3,0,88,49,0
2025-07-27 05:56:00,15,0,205,96,1
2025-07-29 04:48:00,2,1,71,54,0
2025-07-31 07:49:00,13,0,166,81,1
2025-07-19 21:51:00,5,1,163,72,0
2025-07-19 15:32:00,0,0,85,71,0
2025-07-26 11:13:00,14,0,180,93,1
2025-07-23 11:32:00,9,0,205,95,1
2025-07-30 16:44:00,0,0,51,93,1
2025-07-31 05:44:00,15,1,133,90,1
2025-07-24 08:30:00,12,0,80,64,1
2025-07-26 01:33:00,8,1,45,49,0
2025-07-31 11:39:00,10,1,141,94,0
2025-07-25 05:15:00,6,1,113,60,0
2025-08-01 07:41:00,12,0,192,100,1
2025-07-21 04:25:00,15,0,77,44,1
2025-07-27 08:13:00,11,0,169,97,1
2025-07-29 01:53:00,5,1,96,49,0
2025-07-21 13:39:00,3,1,62,60,0
2025-07-21 20:47:00,13,0,176,88,1
2025-07-31 11:35:00,4,0,80,50,0
2025-07-23 07:55:00,1,0,93,40,0
2025-08-01 13:02:00,4,0,41,57,0
2025-07-20 04:43:00,14,0,201,89,1
2025-07-26 00:15:00,0,0,180,84,1
2025-07-28 02:27:00,6,0,99,93,0
2025-07-27 05:26:00,10,1,63,63,1
2025-07-31 18:23:00,1,0,192,55,0
2025-07-31 23:04:00,15,0,202,90,1
2025-07-24 00:13:00,5,0,48,58,0
2025-07-23 14:27:00,8,0,111,75,1
2025-07-20 19:55:00,6,1,50,61,0
2025-07-30 11:47:00,13,0,208,90,1
2025-07-25 00:33:00,7,1,109,75,0
2025-07-22 01:55:00,7,0,172,94,1
2025-07-31 04:28:00,12,0,177,81,1
2025-08-01 20:19:00,3,1,118,61,0
2025-07-29 00:34:00,9,0,165,81,1
2025-07-20 00:27:00,10,0,122,47,1
2025-07-30 05:24:00,5,0,90,42,0
2025-07-28 17:21:00,4,0,94,56,0
2025-07-25 06:28:00,5,0,119,100,0
2025-07-23 17:22:00,5,0,85,44,0
2025-07-19 18:02:00,11,0,175,87,1
2025-07-26 07:00:00,7,1,103,73,0
2025-07-31 09:35:00,3,1,48,55,0
2025-07-28 12:50:00,3,1,111,45,0
2025-07-30 07:14:00,12,0,182,91,1
2025-07-30 03:25:00,2,0,73,48,0
2025-07-30 16:03:00,4,1,84,40,0
2025-07-31 15:56:00,5,0,50,51,0
2025-07-31 20:32:00,15,0,205,80,1
2025-08-01 18:36:00,8,0,99,90,0
2025-07-22 07:24:00,12,1,106,54,0
2025-07-20 22:20:00,15,1,67,56,0
2025-07-25 13:06:00,11,0,66,50,1
2025-07-27 02:56:00,13,0,196,83,1
2025-07-28 16:18:00,12,0,208,90,1
2025-07-26 23:38:00,11,0,192,76,0
2025-07-27 23:51:00,13,1,153,77,1
2025-07-24 14:59:00,13,0,204,88,1
2025-07-29 19:43:00,7,1,75,41,0
2025-07-31 13:26:00,3,0,122,83,0
2025-08-01 07:50:00,13,0,184,91,1
2025-07-20 06:41:00,13,0,205,83,1
2025-07-29 06:54:00,0,0,55,49,0
2025-07-30 01:54:00,1,1,64,41,0
2025-07-25 12:42:00,14,0,167,85,1
2025-08-01 05:08:00,10,1,79,55,0
2025-07-30 11:56:00,10,0,193,94,1
2025-07-27 02:32:00,14,1,156,68,0
2025-07-21 08:23:00,13,0,208,94,1
2025-07-27 05:06:00,14,0,176,98,1
2025-07-29 05:29:00,1,1,121,55,0
2025-07-27 09:36:00,3,1,108,73,0
2025-07-22 07:08:00,15,0,198,83,1
2025-07-22 17:02:00,1,0,99,53,0
2025-07-24 12:01:00,5,1,65,54,0
2025-07-20 07:10:00,15,0,189,84,1
2025-07-23 20:44:00,2,0,119,91,0
2025-07-20 08:55:00,1,0,89,40,0
2025-07-30 09:38:00,15,0,181,86,1
2025-07-24 15:23:00,3,1,85,46,0
2025-07-24 12:17:00,5,1,47,60,0
2025-07-31 15:54:00,4,1,78,60,0
2025-07-28 19:50:00,3,1,62,52,0
2025-07-30 12:24:00,4,0,53,46,0
2025-07-28 14:20:00,2,0,170,93,1
2025-07-24 15:36:00,11,0,65,74,0
2025-07-27 13:05:00,6,1,199,94,1
2025-07-22 17:25:00,4,1,90,100,0
2025-07-26 20:24:00,10,0,162,97,1
2025-07-29 20:39:00,10,0,208,84,1
2025-07-24 16:47:00,0,1,88,44,0
2025-07-27 18:09:00,7,1,51,92,1
2025-07-25 09:51:00,14,1,192,72,1
2025-07-27 12:52:00,7,0,84,43,0
2025-07-30 22:48:00,0,0,168,97,1
2025-07-31 10:21:00,15,0,182,94,1
2025-08-01 17:24:00,3,1,46,45,0
2025-07-20 07:57:00,13,0,187,99,1
2025-07-22 10:23:00,11,0,198,88,1
2025-07-25 14:01:00,12,0,183,96,1
2025-07-28 16:24:00,9,0,186,99,1
2025-08-02 01:25:00,3,1,45,54,0
2025-07-26 18:19:00,4,0,113,83,0
2025-07-25 06:52:00,2,1,44,48,0
2025-07-24 17:19:00,9,0,186,88,1
2025-07-26 09:40:00,2,1,88,45,0
2025-07-19 20:14:00,2,0,70,47,0
2025-07-29 18:27:00,14,1,171,94,1
2025-07-20 21:14:00,14,1,125,45,0
2025-07-27 16:01:00,14,0,191,96,1
2025-07-24 21:45:00,3,0,41,94,0
2025-08-02 03:02:00,13,0,198,89,1
2025-07-20 00:46:00,0,0,61,49,0
2025-07-22 15:10:00,14,0,177,96,1
2025-07-22 16:03:00,13,0,196,91,1
2025-07-31 16:37:00,13,0,165,93,1
2025-07-22 11:46:00,4,1,55,57,0
2025-07-27 04:59:00,12,0,208,61,1
2025-07-23 15:29:00,14,0,192,85,1
2025-07-20 19:57:00,14,0,173,93,1
2025-07-22 01:38:00,3,1,100,60,0
2025-07-29 17:54:00,2,0,80,42,0
2025-07-19 14:56:00,11,0,164,83,1
2025-07-29 22:10:00,9,0,166,86,1
2025-07-26 15:32:00,0,0,55,53,0
2025-07-24 18:12:00,4,1,93,50,0
2025-07-26 12:10:00,15,0,169,84,1
2025-07-29 10:49:00,14,1,199,87,1
2025-07-25 10:54:00,15,0,194,81,1
2025-07-19 19:56:00,9,1,55,52,0
2025-07-26 11:17:00,12,1,51,79,1
2025-07-26 13:45:00,14,0,204,85,1
2025-07-30 07:52:00,2,1,93,46,0
2025-07-31 11:43:00,10,0,187,97,1
2025-07-23 03:54:00,15,0,165,99,1
2025-07-26 15:35:00,3,0,44,48,0
2025-07-19 18:37:00,11,0,201,70,1
2025-07-24 22:13:00,0,0,108,41,0
2025-07-23 05:27:00,14,1,118,84,0
2025-08-01 04:54:00,15,0,60,57,1
2025-07-21 23:35:00,10,0,191,94,1
2025-07-27 11:26:00,10,0,163,74,1
2025-07-26 11:49:00,5,0,59,58,0
2025-07-31 06:06:00,1,1,73,50,0
2025-07-30 00:53:00,0,0,62,43,0
2025-07-28 05:11:00,10,0,141,99,1
2025-07-20 07:11:00,11,0,207,98,1
2025-07-24 01:09:00,14,0,164,88,0
2025-07-20 14:53:00,6,1,68,48,0
2025-08-01 22:42:00,11,0,187,95,0
2025-08-01 20:23:00,8,0,208,74,1
2025-07-24 20:47:00,10,1,54,57,0
2025-07-25 09:21:00,15,0,180,97,1
2025-07-29 18:29:00,3,1,43,53,0
2025-07-27 04:05:00,13,0,187,90,1
2025-07-23 12:38:00,9,0,173,92,1
2025-07-30 15:08:00,9,1,113,89,1
2025-07-20 05:10:00,0,0,123,85,1
2025-07-29 14:19:00,13,0,130,60,0
2025-07-26 20:33:00,2,1,81,49,0
2025-07-22 05:27:00,15,0,204,85,1
2025-07-25 02:26:00,11,0,192,85,1
2025-07-28 08:06:00,14,0,187,90,1
2025-07-23 22:28:00,1,0,166,44,1
2025-07-26 04:55:00,4,0,61,45,0
2025-07-27 15:03:00,4,1,94,46,0
2025-07-19 11:59:00,1,0,63,46,0
2025-08-01 07:17:00,7,0,151,70,0
2025-07-27 07:29:00,9,1,97,90,1
2025-07-20 23:33:00,15,0,135,52,0
2025-07-22 11:10:00,5,1,77,60,0
2025-07-20 12:12:00,5,0,42,42,0
2025-07-29 05:51:00,10,1,198,75,1
2025-07-29 20:22:00,1,1,45,49,0
2025-07-30 13:53:00,1,1,89,59,0
2025-07-22 04:58:00,11,0,171,93,1
2025-07-30 20:17:00,3,1,96,49,0
2025-07-23 22:46:00,3,1,178,64,0
2025-07-26 09:35:00,5,0,203,51,0
2025-07-31 18:49:00,0,1,139,58,0
2025-07-23 18:15:00,14,0,160,83,1
2025-07-28 16:57:00,14,1,116,52,0
2025-07-25 01:31:00,13,0,196,82,1
2025-07-24 17:47:00,12,0,169,80,1
2025-07-20 03:06:00,12,0,166,97,1
2025-07-19 10:22:00,13,1,130,75,0
2025-07-29 11:20:00,11,0,162,86,1
2025-07-25 18:51:00,9,1,192,59,0
2025-07-30 00:58:00,3,1,76,51,0
2025-07-31 11:56:00,13,0,167,90,1
2025-07-29 01:06:00,11,0,176,94,1
2025-07-23 09:05:00,8,1,179,46,1
2025-07-29 18:38:00,14,1,134,68,0
2025-07-24 20:34:00,11,0,193,87,1
2025-07-29 07:30:00,4,1,70,46,0
2025-07-24 18:30:00,10,0,204,88,1
2025-07-24 15:16:00,15,1,162,47,0
2025-07-26 09:23:00,1,0,197,52,1
2025-07-28 08:31:00,15,1,186,76,1
2025-07-22 23:27:00,10,0,206,99,1
2025-07-21 01:33:00,13,1,169,69,1
2025-07-27 12:04:00,11,1,205,89,1
2025-07-27 15:23:00,15,1,175,84,1
2025-07-27 13:59:00,15,0,183,100,1
2025-07-25 01:20:00,4,0,47,40,0
2025-07-31 20:57:00,2,1,46,49,0
2025-08-01 05:26:00,9,0,140,70,1
2025-07-26 21:42:00,1,1,81,94,0
2025-07-26 19:40:00,8,1,41,43,0
2025-07-31 11:29:00,10,1,179,77,0
2025-07-29 17:56:00,6,1,60,60,0
2025-07-26 14:00:00,14,0,47,55,0
2025-07-19 10:04:00,4,1,80,51,0
2025-07-24 09:17:00,14,0,177,84,1
2025-08-01 19:29:00,11,0,206,92,1
2025-07-30 12:46:00,14,0,176,80,1
2025-07-19 23:21:00,12,0,164,90,1
2025-07-20 11:08:00,9,1,84,87,0
2025-07-22 22:16:00,4,0,61,58,0
2025-08-01 18:56:00,0,0,57,78,0
2025-08-01 04:23:00,3,0,202,70,0
2025-07-22 00:28:00,10,0,187,98,1
2025-08-01 05:09:00,5,1,76,47,0
2025-07-19 14:55:00,7,0,181,61,1
2025-07-24 11:00:00,0,0,93,46,0
2025-07-27 04:54:00,4,1,91,60,0
2025-07-25 14:40:00,3,1,74,55,0
2025-07-23 19:34:00,3,0,43,46,0
2025-07-29 00:50:00,11,0,208,99,1
2025-07-28 09:25:00,0,1,119,88,0
2025-07-24 09:17:00,10,0,188,100,1
2025-07-22 02:08:00,13,0,201,80,1
2025-07-23 02:21:00,14,0,165,95,1
2025-07-19 16:13:00,10,0,162,81,1
2025-07-29 20:28:00,0,1,150,48,0
2025-07-31 06:10:00,1,0,122,71,0
2025-07-30 14:25:00,13,0,176,83,1
2025-07-31 21:45:00,15,1,170,69,1
2025-07-26 02:20:00,10,0,178,83,1
2025-07-24 12:39:00,14,1,183,45,0
2025-07-26 22:54:00,2,0,92,52,0
2025-07-24 22:21:00,1,0,46,46,0
2025-07-31 20:59:00,10,0,121,74,0
2025-07-31 21:24:00,11,1,79,51,1
2025-07-22 14:50:00,2,0,40,92,1
2025-07-22 00:42:00,3,1,190,94,1
2025-07-30 21:13:00,14,0,53,89,0
2025-07-23 15:26:00,13,0,183,89,1
2025-07-23 14:02:00,15,0,134,45,0
2025-07-26 23:28:00,5,0,92,52,0
2025-07-28 08:49:00,13,0,183,68,1
2025-07-20 23:29:00,8,1,104,71,0
2025-07-22 06:01:00,15,0,161,84,1
2025-07-28 02:10:00,0,1,143,74,0
2025-07-22 21:35:00,2,1,49,43,0
2025-07-31 23:18:00,0,0,41,51,0
2025-07-21 10:38:00,14,1,118,71,0
2025-07-24 13:12:00,8,1,206,54,1
2025-07-24 22:08:00,0,1,81,67,0
2025-07-29 10:59:00,15,1,198,100,1
2025-07-23 01:28:00,3,1,62,58,0
2025-07-27 08:17:00,12,0,174,84,1
2025-08-01 22:01:00,11,0,116,82,1
2025-07-28 11:11:00,11,0,73,68,1
2025-07-28 16:16:00,9,1,119,83,1
2025-07-25 15:48:00,12,0,173,84,1
2025-07-27 22:40:00,11,0,88,76,1
2025-07-25 06:49:00,10,0,180,85,1
2025-07-19 13:24:00,11,1,81,64,0
2025-07-28 21:22:00,4,1,68,49,0
2025-07-31 17:52:00,15,0,179,60,1
2025-08-01 09:59:00,10,0,193,91,1
2025-07-29 13:07:00,13,0,91,96,1
2025-07-30 16:34:00,11,0,170,89,1
2025-07-29 03:35:00,1,1,191,79,0
2025-07-19 14:35:00,6,1,94,95,0
2025-07-24 19:25:00,7,0,117,86,1
2025-07-26 15:53:00,4,0,114,73,0
2025-07-31 12:54:00,10,0,191,99,1
2025-07-29 18:21:00,8,0,137,73,0
2025-07-28 12:35:00,6,0,60,55,0
2025-07-22 20:54:00,6,0,131,40,0
2025-07-25 04:44:00,1,1,171,62,0
2025-07-23 15:22:00,4,1,53,59,0
2025-07-29 06:03:00,5,0,87,51,0
2025-07-29 17:42:00,14,0,155,58,0
2025-08-02 02:48:00,15,0,174,88,1
2025-07-25 16:29:00,15,0,118,94,1
2025-07-26 01:54:00,6,0,135,68,0
2025-07-22 16:11:00,2,0,62,50,0
2025-07-25 05:52:00,14,0,202,84,1
2025-07-27 05:04:00,0,0,187,65,0
2025-07-30 06:47:00,5,1,81,66,0
2025-07-29 00:54:00,1,0,60,94,1
2025-07-19 11:27:00,15,0,193,89,1
2025-07-28 01:01:00,10,0,191,97,1
2025-08-01 07:27:00,3,0,69,82,1
2025-07-29 23:39:00,4,1,173,84,1
2025-07-30 06:39:00,2,1,70,56,0
2025-07-23 16:57:00,1,1,164,62,0
2025-07-28 20:24:00,1,1,98,55,0
2025-07-22 02:27:00,11,0,116,74,0
2025-07-29 22:43:00,3,1,86,59,0
2025-07-30 15:18:00,1,0,75,57,0
2025-07-29 23:42:00,10,0,108,92,1
2025-07-20 22:24:00,4,1,68,41,0
2025-07-24 21:29:00,7,1,162,60,0
2025-07-27 21:14:00,8,0,138,63,1
2025-07-27 21:45:00,0,1,45,40,0
2025-07-19 20:31:00,1,1,85,46,0
2025-07-28 22:35:00,2,1,78,85,0
2025-07-30 00:37:00,7,1,156,46,0
2025-07-22 08:52:00,10,0,181,88,1
2025-07-21 04:02:00,5,0,93,60,0
2025-07-26 10:04:00,1,0,89,57,0
2025-07-25 07:23:00,13,0,62,43,1
2025-07-22 12:31:00,2,0,77,45,0
2025-07-24 16:15:00,5,0,65,91,0
2025-07-31 17:58:00,14,0,171,95,1
2025-07-21 00:20:00,9,0,161,87,1
2025-07-31 05:30:00,2,1,71,43,0
2025-07-30 03:32:00,15,0,94,95,1
2025-07-24 11:22:00,13,0,197,84,1
2025-07-26 10:41:00,0,1,200,48,1
2025-08-01 16:56:00,13,0,161,43,0
2025-07-21 21:14:00,5,0,181,67,0
2025-07-21 22:53:00,3,0,113,52,0
2025-07-19 10:08:00,6,1,172,85,1
2025-07-23 21:21:00,7,1,160,61,0
2025-07-21 13:56:00,5,1,99,45,0
2025-07-23 21:24:00,3,1,84,57,0
2025-07-31 04:09:00,5,0,120,76,0
2025-07-29 11:18:00,0,0,185,93,1
2025-07-31 18:58:00,2,1,134,67,0
2025-08-01 11:57:00,2,1,82,46,0
2025-07-26 23:15:00,8,1,183,71,1
2025-07-29 00:07:00,3,1,141,53,0
2025-07-23 02:50:00,3,0,84,42,0
2025-07-23 23:43:00,3,1,102,80,0
2025-07-26 03:54:00,0,0,100,42,0
2025-07-31 21:07:00,5,0,70,57,0
2025-07-26 20:40:00,12,1,154,91,0
2025-07-24 04:55:00,2,0,47,41,0
2025-07-24 06:21:00,4,0,82,60,0
2025-07-30 23:01:00,3,0,147,91,1
2025-07-24 18:22:00,3,1,99,92,0
2025-07-30 19:37:00,2,1,63,50,0
2025-07-20 06:56:00,6,0,109,98,1
2025-07-21 04:43:00,8,0,108,90,1
2025-07-25 17:56:00,0,0,134,71,0
2025-07-26 06:36:00,6,1,65,85,0
2025-07-21 12:48:00,8,1,137,45,0
2025-07-30 19:57:00,5,0,188,43,0
2025-07-23 11:16:00,0,0,43,44,0
2025-07-25 21:48:00,5,1,144,73,0
2025-07-23 04:04:00,15,1,111,60,1
2025-07-31 22:13:00,1,1,43,78,0
2025-07-25 15:39:00,3,0,48,46,0
2025-07-26 06:52:00,5,0,191,73,0
2025-07-23 04:58:00,5,0,55,41,0
2025-07-31 18:28:00,5,1,66,44,0
2025-07-29 00:38:00,3,0,79,45,0
2025-07-19 21:18:00,0,1,82,55,0
2025-07-31 22:59:00,0,0,75,51,0
2025-07-22 17:22:00,4,1,97,53,0
2025-07-25 04:56:00,10,0,171,84,1
2025-07-28 09:02:00,10,0,202,67,1
2025-07-22 11:55:00,3,1,57,91,1
2025-07-22 09:49:00,15,0,135,73,1
2025-07-27 12:11:00,6,0,183,54,0
2025-07-23 18:24:00,0,1,70,57,0
2025-07-19 20:50:00,3,0,89,41,0
2025-08-01 08:13:00,0,0,77,54,0
2025-07-29 10:31:00,6,0,44,95,0
2025-07-30 05:34:00,7,1,57,57,0
2025-07-27 02:01:00,1,1,58,54,0
2025-08-01 03:21:00,2,1,96,46,0
2025-07-26 15:32:00,5,0,49,53,0
2025-07-22 03:51:00,3,1,161,91,1
2025-07-19 14:44:00,3,1,44,44,0
2025-07-29 22:11:00,8,1,175,95,1
2025-07-27 18:24:00,10,0,171,92,1
2025-07-24 16:58:00,1,1,45,51,0
2025-07-19 22:07:00,5,1,52,55,0
2025-07-20 08:59:00,13,0,86,80,1
2025-07-22 23:43:00,11,1,192,54,1
2025-07-27 05:43:00,4,0,187,79,0
2025-07-31 15:40:00,1,0,78,57,0
2025-07-28 01:47:00,11,0,206,97,1
2025-07-29 18:08:00,1,0,117,75,0
2025-07-30 13:01:00,6,0,87,57,0
2025-07-31 05:53:00,11,0,188,99,1
2025-07-30 20:58:00,8,0,171,99,0
2025-08-02 04:24:00,1,1,56,54,0
2025-07-28 03:57:00,14,0,183,83,1
2025-07-28 03:35:00,11,0,189,89,1
2025-07-29 00:34:00,11,1,187,94,1
2025-07-21 20:11:00,13,0,43,64,0
2025-07-31 09:08:00,15,0,172,94,1
2025-07-26 07:57:00,7,1,93,40,0
2025-07-26 10:24:00,10,0,162,92,1
2025-07-23 16:19:00,14,0,177,89,1
2025-07-30 02:45:00,15,0,178,86,1
2025-07-27 22:33:00,5,0,58,48,0
2025-07-22 11:33:00,5,1,201,66,0
2025-07-22 04:26:00,13,0,186,90,1
2025-07-25 10:29:00,4,0,71,50,0
2025-08-01 00:04:00,2,0,73,49,0
2025-07-28 20:12:00,9,1,204,76,1
2025-07-22 00:45:00,4,1,200,44,0
2025-08-01 13:04:00,6,1,42,91,0
2025-07-22 12:45:00,10,0,176,97,1
2025-07-22 15:20:00,13,0,160,98,1
2025-08-01 08:01:00,11,0,181,95,1
2025-07-24 04:43:00,11,0,202,88,1
2025-07-23 06:06:00,4,1,64,40,0
2025-07-21 16:51:00,12,0,192,52,1
2025-07-22 04:58:00,0,0,119,54,0
2025-07-24 23:12:00,3,0,46,51,0
2025-07-24 19:15:00,3,1,114,76,0
2025-07-23 09:13:00,2,0,96,44,0
2025-08-01 11:16:00,10,0,198,98,1
2025-07-31 11:10:00,4,0,193,70,0
2025-07-30 20:18:00,12,0,180,80,1
2025-07-21 12:49:00,0,1,66,60,0
2025-08-02 04:26:00,4,0,47,52,0
2025-07-20 23:46:00,7,0,196,75,0
2025-07-28 07:18:00,8,1,94,40,0
2025-07-27 20:10:00,3,0,40,49,0
2025-07-25 00:59:00,4,1,63,51,0
2025-07-26 09:40:00,13,1,145,71,0
2025-07-23 00:42:00,4,0,179,72,0
2025-07-31 13:15:00,12,0,185,93,1
2025-07-22 08:49:00,7,0,193,71,1
2025-07-30 21:14:00,7,0,156,74,0
2025-07-31 10:29:00,3,0,71,44,0
2025-07-28 04:31:00,1,1,41,57,0
2025-08-01 03:48:00,12,1,127,43,0
2025-07-31 06:12:00,4,1,81,45,0
2025-07-21 20:48:00,5,0,117,76,0
2025-07-20 02:42:00,9,0,208,82,1
2025-07-31 06:52:00,1,1,90,47,0
2025-07-21 19:11:00,1,1,83,41,0
2025-07-25 21:06:00,9,0,194,96,1
2025-07-25 15:36:00,2,1,42,78,0
2025-07-31 13:29:00,0,1,73,44,0
2025-07-28 20:23:00,0,0,154,63,0
2025-07-28 22:36:00,15,1,47,100,0
2025-07-22 05:49:00,0,0,61,59,0
2025-07-22 03:38:00,9,0,202,80,1
2025-07-31 00:40:00,2,0,62,60,0
2025-07-28 14:34:00,2,0,62,60,0
2025-07-27 11:23:00,5,0,203,57,1
2025-07-26 03:51:00,13,0,208,100,1
2025-07-23 02:33:00,4,0,62,48,0
2025-07-29 18:06:00,14,0,82,90,0
2025-07-25 10:21:00,13,0,207,99,1
2025-08-01 15:57:00,15,0,77,93,1
2025-07-29 21:21:00,11,0,173,91,1
2025-07-25 16:03:00,15,0,207,99,1
2025-07-22 16:19:00,0,0,50,50,0
2025-07-20 14:23:00,3,1,85,51,0
2025-07-28 18:57:00,12,0,206,87,1
2025-07-22 18:45:00,11,0,174,85,1
2025-07-28 20:20:00,2,1,46,44,0
2025-07-26 23:09:00,3,1,91,50,0
2025-07-28 10:22:00,0,0,91,41,0
2025-07-19 22:29:00,2,1,53,92,0
2025-08-02 00:45:00,1,1,69,40,0
2025-07-27 12:23:00,8,1,128,83,1
2025-07-25 03:20:00,0,1,173,95,1
2025-07-22 13:26:00,4,1,94,43,0
2025-07-23 10:09:00,11,0,187,88,1
2025-07-22 18:19:00,15,0,208,99,1
2025-07-20 04:22:00,6,0,208,62,0
2025-07-20 07:01:00,12,0,169,75,1
2025-07-23 16:19:00,5,1,59,45,0
2025-07-28 15:03:00,5,0,48,50,0
2025-08-01 04:31:00,10,0,198,100,1
2025-07-21 16:00:00,10,0,182,83,1
2025-07-31 17:54:00,2,0,81,55,0
2025-07-31 23:11:00,3,1,74,44,0
2025-08-01 06:10:00,12,0,42,50,0
2025-07-27 09:02:00,12,1,150,75,1
2025-07-19 16:52:00,4,0,73,47,0
2025-07-29 09:59:00,15,0,160,81,1
2025-07-28 23:48:00,4,0,85,48,0
2025-07-26 10:42:00,6,0,70,42,0
2025-07-29 06:02:00,8,1,204,87,1
2025-07-31 11:43:00,6,1,134,96,0
2025-08-01 14:20:00,7,0,201,83,0
2025-07-25 15:56:00,7,0,157,56,0
2025-07-31 04:24:00,7,1,110,92,0
2025-07-19 08:29:00,2,1,53,57,0
2025-07-25 23:27:00,0,0,79,47,0
2025-07-31 07:22:00,11,0,187,93,1
2025-07-23 05:12:00,1,1,52,45,0
2025-07-20 12:44:00,2,0,184,86,1
2025-07-24 07:46:00,1,0,55,56,0
2025-07-21 13:03:00,0,0,50,60,0
2025-07-30 05:38:00,5,1,94,46,0
2025-07-26 12:17:00,13,0,167,99,1
2025-08-01 07:10:00,5,1,86,95,0
2025-07-31 00:16:00,4,1,202,97,0
2025-07-29 17:45:00,12,0,194,89,1
2025-07-29 22:46:00,11,0,190,84,1
2025-07-22 21:29:00,5,0,189,96,1
2025-07-26 22:51:00,0,0,47,49,0
2025-07-28 23:35:00,6,1,153,82,0
2025-07-24 04:28:00,2,1,88,45,0
2025-07-22 19:08:00,0,0,43,42,0
2025-07-26 01:54:00,5,0,184,54,0
2025-07-25 05:10:00,12,0,54,61,0
2025-07-23 14:34:00,14,0,167,83,1
2025-07-20 08:58:00,7,0,150,43,0
2025-07-21 20:45:00,5,1,120,86,0
2025-07-29 16:18:00,0,1,193,81,0
2025-07-31 07:00:00,0,1,58,48,0
2025-08-01 05:02:00,13,0,188,81,1
2025-07-25 03:08:00,5,1,99,58,0
2025-07-29 05:26:00,4,1,75,54,0
2025-08-01 09:10:00,3,0,129,73,0
2025-07-29 08:44:00,2,1,97,55,0
2025-08-01 11:42:00,6,1,199,64,1
2025-07-23 07:48:00,11,1,145,61,1
2025-07-30 03:24:00,13,1,53,56,0
2025-07-28 07:24:00,0,0,178,43,0
2025-07-25 11:07:00,5,0,62,49,0
2025-07-24 20:21:00,9,1,104,80,0
2025-07-21 07:31:00,3,1,204,100,0
2025-07-30 05:28:00,13,0,179,93,1
2025-07-27 19:52:00,1,0,126,93,0
2025-07-25 13:41:00,0,0,43,90,0
2025-07-19 20:39:00,1,0,75,56,0
2025-07-21 01:51:00,2,0,76,45,0
2025-07-27 13:18:00,1,1,117,98,0
2025-07-29 21:52:00,4,1,96,78,0
2025-07-22 13:38:00,14,0,209,96,1
2025-07-31 14:42:00,10,0,172,98,1
2025-07-25 12:59:00,10,1,59,82,0
2025-07-24 23:46:00,15,0,192,90,1
2025-07-31 19:01:00,4,1,94,90,0
2025-07-23 10:13:00,14,0,189,81,1
2025-07-25 09:42:00,10,0,151,85,0
2025-07-24 20:37:00,1,0,75,64,0
2025-07-21 18:02:00,2,1,74,52,0
2025-07-26 10:55:00,9,0,192,86,1
2025-07-21 06:47:00,1,1,205,54,0
2025-07-26 00:27:00,14,0,167,95,1
2025-07-21 09:29:00,5,1,173,45,0
2025-07-27 14:20:00,1,1,190,80,1
2025-07-24 03:24:00,11,0,173,94,1
2025-07-25 20:34:00,13,0,195,74,1
2025-07-27 14:56:00,7,1,200,65,1
2025-07-21 07:50:00,9,0,208,99,1
2025-07-20 16:43:00,2,0,93,53,0
2025-07-27 08:13:00,7,0,191,90,1
2025-07-21 06:21:00,2,0,42,52,0
2025-07-26 02:19:00,1,1,89,54,0
2025-07-28 02:19:00,0,1,115,73,0
2025-07-26 11:25:00,2,1,206,61,0
2025-07-24 23:25:00,3,1,83,52,0
2025-08-02 01:28:00,9,1,56,59,0
2025-07-28 19:47:00,0,1,86,46,0
2025-07-31 21:50:00,4,0,88,61,0
2025-07-29 14:16:00,14,1,189,90,1
2025-07-24 00:09:00,5,0,81,50,0
2025-07-25 14:10:00,9,1,144,58,0
2025-07-30 12:37:00,14,0,196,85,1
2025-07-22 15:44:00,4,0,75,54,0
2025-07-24 13:51:00,9,0,182,96,1
2025-08-01 02:27:00,3,1,44,55,0
2025-07-30 06:43:00,7,0,119,60,0
2025-07-24 09:20:00,14,1,51,99,1
2025-07-26 11:04:00,3,1,203,58,0
2025-07-19 21:34:00,1,0,40,46,0
2025-07-30 20:19:00,12,0,192,86,1
2025-07-21 10:05:00,2,0,99,43,0
2025-08-01 08:06:00,10,0,193,90,1
2025-08-01 07:18:00,9,0,171,92,0
2025-07-31 23:37:00,0,1,195,48,1
2025-07-24 11:08:00,11,0,200,89,1
2025-07-19 23:19:00,11,1,204,62,0
2025-07-26 10:41:00,10,0,193,98,1
2025-08-01 01:51:00,13,0,206,88,1
2025-08-01 07:05:00,10,0,177,98,1
2025-07-20 23:38:00,0,0,72,41,0
2025-07-30 06:30:00,3,1,80,58,0
2025-07-24 16:11:00,2,0,93,41,0
2025-08-01 19:19:00,1,1,50,51,0
2025-07-28 04:07:00,15,0,146,43,1
2025-07-26 12:40:00,12,1,184,69,1
2025-07-23 19:41:00,14,1,162,56,1
2025-07-19 18:51:00,15,1,178,45,1
2025-07-27 17:29:00,14,0,165,93,1
2025-07-28 05:12:00,13,0,184,81,1
2025-07-21 13:48:00,6,1,182,50,0
2025-07-29 23:49:00,8,0,167,85,0
2025-07-20 03:41:00,5,1,131,62,0
2025-07-24 18:23:00,11,1,139,80,1
2025-07-20 15:48:00,14,1,173,47,0
2025-07-30 18:58:00,13,0,182,80,1
2025-07-26 08:27:00,10,1,53,61,0
2025-07-26 11:15:00,13,0,198,97,1
2025-07-25 14:04:00,9,0,164,85,1
2025-07-30 00:37:00,12,0,207,96,1
2025-07-25 00:27:00,11,0,163,87,1
2025-07-23 19:43:00,4,1,94,56,0
2025-07-31 09:32:00,4,0,205,41,0
2025-07-25 20:28:00,15,0,200,98,1
2025-07-25 05:09:00,14,0,179,85,1
2025-07-24 14:40:00,9,0,173,92,1
2025-07-23 11:13:00,10,0,180,96,1
2025-07-28 10:30:00,4,0,87,43,0
2025-07-23 10:01:00,12,0,183,100,1
2025-07-31 03:59:00,7,0,116,66,0
2025-07-25 17:09:00,4,0,67,42,0
2025-07-25 17:51:00,1,1,75,57,0
2025-07-22 13:57:00,15,1,80,67,1
2025-07-20 15:13:00,13,1,156,45,1
2025-07-28 21:34:00,15,0,193,98,1
2025-07-24 11:40:00,2,0,100,55,0
2025-07-27 22:13:00,9,0,195,91,1
2025-07-21 10:48:00,10,0,188,84,1
2025-07-21 21:58:00,11,1,80,49,1
2025-07-29 17:43:00,3,0,56,57,0
2025-07-25 05:50:00,6,1,115,86,1
2025-07-24 06:23:00,2,0,114,72,0
2025-08-02 04:57:00,11,0,119,73,0
2025-07-25 23:46:00,10,1,70,60,1
2025-07-31 11:41:00,4,1,45,49,0
2025-07-29 19:49:00,2,1,66,60,0
2025-07-24 01:40:00,0,0,134,51,0
2025-07-21 01:15:00,10,0,160,82,1
2025-07-29 14:29:00,0,1,85,46,0
2025-07-26 18:11:00,3,1,54,45,0
2025-07-23 18:01:00,2,1,125,46,0
2025-07-24 02:06:00,4,1,55,52,0
2025-07-27 01:48:00,13,0,195,85,1
2025-07-26 16:31:00,6,0,210,54,0
2025-07-20 08:25:00,14,1,83,57,1
2025-07-21 20:44:00,14,0,162,87,1
2025-07-20 23:20:00,12,0,176,85,1
2025-07-30 23:04:00,10,0,193,80,1
2025-07-25 10:42:00,2,1,67,52,0
2025-07-19 17:06:00,5,1,49,49,0
2025-07-24 08:18:00,7,1,95,98,0
2025-08-01 07:26:00,4,1,63,70,0
2025-07-24 08:29:00,4,1,84,99,1
2025-07-29 08:02:00,2,0,54,53,0
2025-07-20 20:22:00,2,1,84,45,0
2025-07-20 00:59:00,1,1,98,54,0
2025-07-27 15:23:00,14,0,163,81,1
2025-07-28 22:50:00,5,1,65,60,0
2025-07-24 15:45:00,8,0,101,94,1
2025-07-27 13:46:00,5,0,71,44,0
2025-07-30 01:59:00,7,1,141,73,0
2025-07-24 15:29:00,12,0,176,91,1
2025-07-21 20:54:00,1,1,59,50,0
2025-07-27 16:54:00,15,0,173,66,1
2025-07-27 08:07:00,1,1,68,51,0
2025-07-27 10:41:00,4,0,195,84,1
2025-08-01 05:21:00,0,1,51,44,0
2025-07-29 17:54:00,14,0,195,82,1
2025-07-28 18:53:00,4,1,204,45,0
2025-07-31 21:00:00,9,0,204,99,1
2025-07-28 23:26:00,0,1,146,49,0
2025-07-31 12:26:00,11,0,197,94,1
2025-07-23 16:06:00,0,1,41,44,0
2025-07-21 15:09:00,1,0,186,69,0
2025-08-01 16:53:00,9,1,151,57,0
2025-07-23 15:46:00,0,1,70,44,0
2025-07-29 07:54:00,10,0,202,43,1
2025-07-24 00:13:00,2,1,195,58,0
2025-08-01 20:50:00,5,0,62,55,0
2025-07-26 01:38:00,1,0,158,73,0
2025-07-22 09:40:00,11,0,161,94,1
2025-07-19 12:20:00,0,0,65,45,0
2025-07-31 23:27:00,9,0,72,51,0
2025-07-25 00:15:00,10,0,189,97,1
2025-07-19 12:04:00,11,0,132,74,0
2025-07-30 07:45:00,14,0,167,89,1
2025-07-26 12:20:00,10,0,188,80,1
2025-07-25 00:48:00,11,1,101,69,0
2025-07-23 11:08:00,12,0,85,67,1
2025-07-26 21:30:00,8,1,80,64,0
2025-07-22 05:32:00,15,0,196,80,1
2025-07-28 06:32:00,13,1,64,51,1
2025-07-25 19:03:00,11,0,163,84,1
2025-07-23 00:02:00,2,0,77,84,1
2025-07-25 01:53:00,5,0,47,45,0
2025-07-28 04:03:00,5,1,93,43,0
2025-07-22 04:02:00,9,0,135,58,0
2025-07-29 19:39:00,8,0,40,53,0
2025-07-27 23:07:00,4,1,42,48,0
2025-08-01 04:27:00,11,0,165,81,1
2025-08-01 21:24:00,10,0,179,84,1
2025-08-01 12:23:00,10,0,181,84,1
2025-07-25 02:24:00,0,0,45,48,0
2025-07-25 08:20:00,13,0,169,88,1
2025-07-23 08:00:00,15,1,41,84,1
2025-08-01 07:31:00,11,0,181,90,1
2025-07-31 11:48:00,4,1,148,99,1
2025-07-28 23:51:00,13,0,177,99,1
2025-07-23 08:18:00,0,1,92,71,0
2025-07-23 21:10:00,5,0,97,67,0
2025-07-26 11:11:00,11,0,208,94,1
2025-07-21 00:31:00,5,1,89,45,0
2025-07-27 14:53:00,9,0,198,85,1
2025-07-23 08:37:00,15,0,177,81,1
2025-07-23 18:02:00,4,1,116,100,0
2025-07-25 12:33:00,13,0,146,91,1
2025-07-28 19:42:00,11,0,162,97,1
2025-07-25 14:35:00,14,0,176,92,1
2025-07-23 07:31:00,4,0,92,51,0
2025-07-30 22:28:00,5,1,168,59,0
2025-07-29 09:40:00,13,0,164,96,1
2025-07-29 06:12:00,14,1,58,55,0
2025-07-26 12:00:00,5,1,46,41,0
2025-07-21 06:45:00,7,1,108,52,0
2025-07-22 01:04:00,9,1,64,61,1
2025-07-29 06:19:00,3,1,40,44,0
2025-07-28 21:17:00,14,1,210,71,1
2025-07-22 18:18:00,3,0,99,46,0
2025-07-22 10:08:00,14,1,200,46,1
2025-07-31 23:27:00,9,0,184,87,1
2025-07-21 06:09:00,8,0,153,89,1
2025-07-26 21:59:00,4,1,83,54,0
2025-07-27 08:35:00,13,1,40,82,0
2025-08-01 12:30:00,5,1,127,71,0
2025-08-01 23:40:00,0,0,77,60,0
2025-07-24 16:34:00,4,0,80,44,0
2025-08-01 13:28:00,2,0,82,51,0
2025-07-24 17:27:00,14,0,178,95,1
2025-07-29 11:19:00,13,1,196,64,0
2025-07-30 21:24:00,0,1,56,55,0
2025-07-24 06:43:00,11,0,205,81,1
2025-07-29 05:21:00,12,0,189,97,1
2025-07-24 20:43:00,12,0,197,97,1
2025-07-21 12:29:00,5,1,72,49,0
2025-07-23 21:59:00,2,0,82,69,0
2025-07-28 10:47:00,4,1,136,84,1
2025-07-24 11:27:00,4,0,161,98,1
2025-08-01 16:23:00,0,1,153,66,0
2025-07-28 07:22:00,0,0,166,47,0
2025-07-24 16:51:00,5,1,172,44,0
2025-07-20 05:37:00,4,1,87,44,0
2025-07-19 13:46:00,11,0,171,53,1
2025-07-21 12:58:00,8,1,179,59,1
2025-07-24 07:54:00,12,1,145,59,0
2025-07-26 19:28:00,1,0,65,47,0
2025-07-22 05:29:00,13,1,194,52,1
2025-07-26 18:48:00,14,0,202,96,1
2025-07-19 09:35:00,14,1,93,80,1
2025-07-25 11:26:00,11,0,176,93,1
2025-07-26 04:57:00,13,0,207,83,1
2025-07-28 20:05:00,7,1,173,83,1
2025-08-01 03:55:00,4,1,59,44,0
2025-07-30 12:00:00,4,1,164,59,0
2025-07-31 13:06:00,15,0,177,86,1
2025-07-23 04:24:00,15,0,182,93,1
2025-07-27 10:56:00,13,1,80,53,1
2025-08-02 04:50:00,2,1,76,57,0
2025-07-20 20:19:00,0,0,204,70,0
2025-07-30 19:49:00,0,1,95,65,0
2025-07-31 11:15:00,1,0,52,52,0
2025-07-24 08:44:00,15,0,177,87,1
2025-07-25 12:06:00,9,1,44,95,0
2025-07-27 19:29:00,15,1,167,73,1
2025-08-01 06:50:00,2,1,80,99,0
2025-07-28 09:09:00,4,1,118,52,0
2025-07-25 08:41:00,7,0,140,47,0
2025-08-01 23:09:00,11,0,209,83,1
2025-07-21 20:56:00,4,0,62,57,0
2025-07-22 03:30:00,1,1,64,49,0
2025-07-26 22:44:00,14,0,163,80,1
2025-07-25 21:19:00,0,1,157,63,0
2025-07-30 03:21:00,1,1,73,43,0
2025-07-28 16:21:00,2,0,141,88,1
2025-07-20 12:39:00,5,0,71,53,0
2025-07-22 17:18:00,15,0,181,80,1
2025-07-22 02:54:00,10,0,173,94,1
2025-07-22 13:37:00,12,1,151,86,0
2025-07-23 11:23:00,5,0,98,43,0
2025-07-29 03:08:00,9,0,188,93,1
2025-07-19 08:07:00,2,0,84,52,0
2025-07-20 16:26:00,15,0,185,90,1
2025-07-19 18:30:00,3,0,186,97,1
2025-07-27 07:00:00,15,0,105,84,1
2025-07-24 14:55:00,5,0,43,45,0
2025-07-20 08:03:00,6,1,74,99,1
2025-07-22 22:12:00,4,0,58,52,0
2025-07-27 21:44:00,0,0,142,65,0
2025-07-28 10:48:00,15,0,59,69,0
2025-07-29 19:36:00,13,0,124,70,1
2025-07-25 15:05:00,10,1,194,95,1
2025-07-30 10:57:00,5,1,69,57,0
2025-07-25 20:58:00,3,0,40,55,0
2025-07-19 21:18:00,12,0,210,50,1
2025-07-31 20:22:00,3,0,84,91,0
2025-07-22 03:45:00,11,0,57,99,1
2025-07-21 13:02:00,4,1,43,48,0
2025-07-22 18:39:00,13,1,83,81,1
2025-07-20 15:53:00,9,1,127,52,0
2025-07-26 01:30:00,15,0,209,91,1
2025-07-23 00:05:00,10,0,191,96,1
2025-07-23 13:01:00,5,1,125,79,0
2025-07-23 17:09:00,15,1,132,52,0
2025-07-23 18:08:00,13,0,192,81,1
2025-07-23 05:19:00,9,1,128,73,0
2025-07-27 19:33:00,15,0,168,94,1
2025-08-01 23:58:00,15,0,200,92,1
2025-07-24 09:42:00,12,0,174,82,1
2025-07-22 21:46:00,1,1,104,51,0
2025-07-26 09:50:00,4,0,158,91,1
2025-07-31 21:36:00,4,0,104,99,1
2025-07-26 22:21:00,11,0,128,65,0
2025-07-29 16:56:00,5,0,51,94,1
2025-07-28 01:47:00,15,0,53,85,1
2025-07-24 21:31:00,1,0,172,53,1
2025-07-20 19:52:00,3,0,60,54,0
2025-07-31 09:01:00,12,0,166,84,1
2025-07-21 04:02:00,1,0,56,41,0
2025-07-31 14:05:00,11,1,116,70,1
2025-08-02 03:49:00,2,1,48,42,0
2025-07-27 14:15:00,11,1,133,64,0
2025-07-25 10:02:00,10,0,200,88,1
2025-07-23 20:09:00,3,0,72,52,0
2025-08-02 00:04:00,2,1,87,60,0
2025-07-29 02:30:00,1,0,100,53,0
2025-07-20 13:40:00,12,0,175,99,1
2025-07-23 01:01:00,11,0,193,86,1
2025-07-23 08:03:00,10,1,207,96,0
2025-07-27 11:59:00,5,0,104,68,0
2025-07-19 11:55:00,9,0,192,99,1
2025-08-01 23:11:00,4,0,90,55,0
2025-07-23 14:45:00,14,1,42,96,1
2025-07-25 18:42:00,12,1,169,78,0
2025-07-21 03:40:00,10,1,143,58,0
2025-07-29 11:03:00,10,0,187,56,1
2025-07-24 20:10:00,0,1,53,40,0
2025-07-22 09:26:00,7,0,92,96,1
2025-07-25 08:53:00,9,0,126,96,1
2025-07-28 23:38:00,11,0,172,87,1
2025-07-23 00:55:00,10,0,183,89,1
2025-07-31 05:38:00,11,0,174,93,1
2025-07-26 19:28:00,10,1,194,48,0
2025-07-26 07:27:00,7,0,48,88,0
2025-07-22 23:33:00,1,1,132,79,0
2025-07-26 06:06:00,4,0,47,48,0
2025-07-26 03:11:00,11,0,207,92,1
2025-07-29 02:02:00,1,0,134,89,1
2025-08-02 01:49:00,4,0,83,44,0
2025-07-27 18:25:00,11,0,208,82,1
2025-07-25 10:20:00,1,1,73,48,0
2025-07-30 13:11:00,5,1,66,40,0
2025-07-26 20:44:00,0,0,138,86,0
2025-07-29 05:07:00,10,1,140,52,0
2025-07-26 14:57:00,12,0,50,95,1
2025-07-30 19:07:00,14,0,210,81,1
2025-07-27 10:37:00,12,0,163,85,1
2025-07-24 03:16:00,0,0,135,81,0
2025-07-25 02:48:00,14,0,99,76,0
2025-07-23 06:11:00,15,0,165,82,1
2025-07-29 15:59:00,2,0,177,40,0
2025-07-21 13:05:00,9,0,139,80,1
2025-07-23 12:04:00,7,1,139,42,0
2025-07-30 05:27:00,13,1,170,92,1
2025-07-24 15:23:00,2,1,49,43,0
2025-07-20 15:07:00,14,0,185,46,1
2025-07-29 14:28:00,15,1,198,42,1
2025-08-02 01:33:00,4,0,154,41,0
2025-07-24 04:03:00,5,0,151,67,0
2025-07-24 17:07:00,0,0,208,82,0
2025-07-28 13:06:00,1,1,81,45,0
2025-07-31 08:03:00,6,1,52,96,0
2025-07-27 01:10:00,14,0,96,50,0
2025-07-23 12:52:00,13,0,170,87,1
2025-08-01 14:47:00,0,1,190,58,0
2025-07-28 21:31:00,14,0,164,97,0
2025-08-02 05:17:00,9,0,191,95,1
2025-07-27 01:53:00,12,0,87,56,0
2025-07-25 16:59:00,14,0,188,81,1
2025-07-19 21:21:00,8,0,183,52,0
2025-07-27 16:45:00,14,0,178,100,1
2025-07-30 14:34:00,3,1,148,51,0
2025-07-27 18:06:00,0,0,72,40,0
2025-07-20 03:58:00,9,0,206,87,1
2025-07-28 02:07:00,5,0,52,42,0
2025-07-25 06:20:00,2,0,59,57,0
2025-07-24 19:56:00,11,0,172,82,1
2025-07-21 03:45:00,0,0,114,72,0
2025-07-28 06:31:00,10,1,66,58,0
2025-07-28 00:09:00,14,0,181,85,1
2025-07-26 22:59:00,9,0,193,84,1
2025-07-20 07:56:00,15,0,209,51,1
2025-07-29 15:31:00,13,1,62,87,1
2025-08-01 04:56:00,7,1,52,88,0
2025-07-24 21:00:00,14,0,182,95,1
2025-07-25 19:32:00,5,0,61,50,0
2025-07-25 23:19:00,13,1,77,60,0
2025-08-02 04:36:00,2,0,40,56,0
2025-07-27 17:05:00,11,0,173,68,1
2025-07-25 14:19:00,10,0,163,100,1
2025-07-30 18:12:00,2,1,181,56,1
2025-07-25 03:47:00,11,0,156,76,1
2025-07-27 07:34:00,3,1,177,55,1
2025-07-25 17:39:00,3,0,57,88,1
2025-07-29 21:52:00,13,0,207,88,1
2025-07-24 02:24:00,11,0,201,67,1
2025-07-30 08:11:00,13,0,167,86,1
2025-07-22 13:12:00,15,0,171,83,1
2025-07-19 09:48:00,8,0,190,98,0
2025-07-30 22:40:00,12,1,157,83,1
2025-07-31 11:21:00,9,0,180,92,1
2025-07-31 00:31:00,10,0,200,100,1
2025-08-01 19:46:00,11,1,51,47,1
2025-08-01 02:54:00,6,1,51,60,0
2025-07-29 20:23:00,13,0,168,88,1
2025-07-21 03:51:00,12,1,179,52,0
2025-07-26 07:07:00,13,0,185,81,1
2025-07-21 13:48:00,10,0,184,100,1
2025-07-28 12:39:00,2,0,108,86,1
2025-07-24 13:32:00,4,1,178,45,1
2025-08-01 23:37:00,4,0,65,71,0
2025-07-26 08:26:00,11,0,172,94,1
2025-07-19 08:22:00,8,1,145,44,0
2025-07-26 23:01:00,1,1,202,41,0
2025-08-02 02:27:00,13,0,86,65,1
2025-07-21 10:36:00,13,1,61,76,1
2025-07-21 11:13:00,13,1,118,77,0
2025-07-29 06:36:00,12,0,168,82,1
2025-07-31 19:11:00,0,0,57,55,0
2025-08-01 23:30:00,14,0,122,82,1
2025-07-28 07:27:00,12,1,128,56,1
2025-07-21 02:23:00,2,0,148,97,0
2025-07-22 17:40:00,6,1,42,44,0
2025-07-21 14:58:00,15,0,126,49,0
2025-07-27 10:52:00,4,0,83,41,0
2025-07-22 09:29:00,0,1,65,41,0
2025-07-20 01:43:00,2,1,47,43,0
2025-07-31 17:12:00,0,1,96,59,0
2025-07-26 03:57:00,4,1,88,53,0
2025-07-24 12:01:00,0,0,181,45,1
2025-07-31 10:50:00,2,0,65,42,0
2025-07-25 04:03:00,15,0,172,95,1
2025-07-25 21:35:00,1,1,85,84,0
2025-07-23 10:27:00,14,0,182,95,1
2025-08-01 07:46:00,12,0,170,58,0
2025-08-01 17:23:00,9,0,162,86,1
2025-07-31 00:40:00,6,1,87,76,0
2025-07-21 19:03:00,5,0,76,45,0
2025-07-20 22:16:00,3,1,93,46,0
2025-07-26 14:51:00,12,0,168,86,1
2025-07-22 23:05:00,4,1,62,41,0
2025-07-30 11:05:00,3,1,65,60,0
2025-07-29 04:52:00,12,0,182,98,1
2025-07-25 22:24:00,12,0,101,62,0
2025-07-25 05:12:00,10,1,207,86,1
2025-07-30 02:07:00,0,1,63,56,0
2025-07-21 01:52:00,1,1,55,54,0
2025-07-23 00:49:00,7,0,191,60,0
2025-08-02 03:09:00,9,0,179,80,1
2025-07-30 15:31:00,15,0,118,82,1
2025-07-26 05:40:00,15,1,158,93,1
2025-07-29 23:00:00,5,1,93,44,0
2025-08-01 09:51:00,4,1,107,52,0
2025-07-30 16:59:00,0,0,134,75,0
2025-07-22 13:24:00,6,0,135,79,0
2025-07-30 02:19:00,3,1,172,98,1
2025-07-21 09:58:00,14,0,207,93,1
2025-07-29 21:13:00,12,1,70,79,0
2025-07-19 14:59:00,1,0,78,58,0
2025-07-22 11:27:00,13,0,166,92,1
2025-07-25 14:33:00,3,1,117,80,0
2025-07-31 10:08:00,12,0,191,83,0
2025-07-29 11:48:00,11,0,198,93,1
2025-07-25 22:21:00,10,0,108,57,0
2025-07-27 10:26:00,0,0,58,54,0
2025-07-24 20:23:00,8,1,66,81,1
2025-07-24 03:37:00,5,1,173,95,0
2025-07-24 16:44:00,15,0,177,85,1
2025-07-19 16:37:00,12,1,121,94,1
2025-07-22 12:28:00,3,1,60,97,0
2025-07-28 02:32:00,13,0,126,70,1
2025-07-25 08:50:00,11,1,62,85,1
2025-07-31 06:15:00,1,0,70,56,0
2025-07-22 18:19:00,2,1,69,52,0
2025-07-27 14:55:00,13,1,208,50,0
2025-07-20 09:40:00,14,0,198,89,1
2025-07-21 14:25:00,0,1,117,89,0
2025-07-24 12:54:00,7,0,175,70,0
2025-07-28 03:52:00,14,0,177,51,0
2025-07-28 20:51:00,7,0,162,94,1
2025-07-26 17:30:00,6,1,201,72,0
2025-08-01 13:17:00,9,1,60,52,0
2025-07-31 03:03:00,2,0,91,55,0
2025-07-23 09:02:00,5,1,122,41,0
2025-07-22 10:26:00,4,0,98,52,0
2025-07-20 21:55:00,14,0,206,86,1
2025-07-30 20:20:00,1,0,138,90,0
2025-08-01 09:46:00,7,0,79,71,0
2025-08-01 11:41:00,12,0,146,85,1
2025-07-29 14:10:00,15,1,134,85,1
2025-07-21 11:38:00,6,0,201,55,0
2025-07-29 13:21:00,10,1,204,76,0
2025-08-01 12:11:00,4,0,45,49,0
2025-08-01 19:45:00,14,0,172,87,1
2025-07-22 03:51:00,5,1,45,45,0
2025-07-31 03:50:00,5,0,71,98,0
2025-07-30 21:19:00,13,0,190,85,1
2025-07-22 08:39:00,14,0,193,89,1
2025-07-20 12:15:00,14,0,203,88,1
2025-07-28 15:19:00,3,0,54,52,0
2025-08-01 23:38:00,3,0,56,41,0
2025-07-31 08:29:00,7,0,188,91,0
2025-07-27 18:44:00,13,0,201,100,1
2025-07-22 12:25:00,2,0,56,57,0
2025-07-26 19:09:00,5,0,180,54,1
2025-08-01 07:49:00,0,0,83,56,0
2025-07-25 12:20:00,11,0,207,89,1
2025-07-25 04:56:00,1,0,96,56,0
2025-07-29 17:18:00,6,0,110,69,0
2025-07-22 12:21:00,2,1,82,58,0
2025-07-29 17:17:00,1,1,41,41,0
2025-07-22 10:59:00,11,1,208,62,1
2025-07-19 13:33:00,7,1,210,75,1
2025-07-24 04:23:00,4,1,137,59,0
2025-07-23 10:43:00,13,1,109,80,1
2025-07-29 04:59:00,7,1,182,96,0
2025-07-25 19:07:00,4,0,200,96,1
2025-07-21 23:21:00,15,0,195,83,1
2025-07-21 13:59:00,3,1,58,55,0
2025-07-25 22:37:00,0,0,71,41,0
2025-07-29 13:00:00,0,1,174,45,1
2025-07-29 00:31:00,9,0,208,98,1
2025-07-29 23:32:00,3,1,86,55,0
2025-07-19 17:33:00,10,1,124,71,0
2025-07-27 08:29:00,6,0,83,71,0
2025-07-28 15:22:00,2,1,74,50,0
2025-08-01 21:01:00,1,0,197,54,1
2025-07-25 10:41:00,9,0,192,85,1
2025-07-24 18:50:00,0,1,46,53,0
2025-08-01 10:11:00,10,0,190,88,1
2025-08-02 05:05:00,7,0,58,48,0
2025-07-24 15:34:00,4,0,73,49,0
2025-07-31 13:58:00,5,0,86,42,0
2025-07-27 16:26:00,2,1,101,90,0
2025-08-02 03:44:00,0,0,102,46,0
2025-07-26 21:59:00,4,1,75,66,0
2025-07-30 05:07:00,9,0,186,97,1
2025-07-21 14:39:00,14,0,170,99,1
2025-08-01 04:02:00,8,1,187,55,1
2025-07-28 12:44:00,11,0,202,85,1
2025-07-26 15:09:00,9,0,179,89,1
2025-07-24 22:15:00,14,0,201,98,1
2025-07-20 11:43:00,3,1,67,53,0
2025-07-23 09:09:00,3,1,85,50,0
2025-07-21 02:03:00,6,0,54,65,0
2025-07-23 22:05:00,15,1,185,68,1
2025-07-30 15:53:00,13,0,175,80,1
2025-07-21 10:43:00,12,0,130,74,0
2025-07-20 12:22:00,12,0,183,95,1
2025-07-26 06:38:00,4,1,147,59,0
2025-07-24 21:04:00,3,0,41,47,0
2025-07-24 19:02:00,5,1,86,57,0
2025-07-21 13:08:00,9,0,182,92,1
2025-07-20 01:28:00,5,0,64,60,0
2025-08-02 05:16:00,15,0,162,80,1
2025-07-22 23:44:00,12,0,170,87,1
2025-07-21 21:05:00,3,0,47,65,0
2025-07-31 12:07:00,14,0,210,81,1
2025-07-26 02:01:00,8,1,151,76,1
2025-07-28 00:07:00,14,0,161,87,1
2025-07-22 15:09:00,15,0,181,81,1
2025-07-23 18:41:00,0,1,41,54,0
2025-07-19 23:48:00,5,0,88,59,0
2025-07-24 22:33:00,12,0,162,84,1
2025-07-29 04:13:00,5,0,53,44,0
2025-07-19 19:37:00,2,1,60,44,0
2025-07-29 12:31:00,9,0,186,82,1
2025-07-21 00:30:00,6,0,117,75,0
2025-07-23 18:30:00,4,0,92,41,0
2025-07-25 02:35:00,15,0,209,84,1
2025-08-01 09:58:00,9,0,187,84,1
2025-08-01 05:45:00,12,0,210,93,1
2025-07-25 10:35:00,15,1,120,90,0
2025-07-31 10:47:00,11,0,187,84,1
2025-07-30 09:55:00,3,0,79,41,0
2025-08-02 02:46:00,15,0,137,48,0
2025-07-22 13:28:00,15,0,71,46,0
2025-07-27 23:38:00,1,0,60,58,0
2025-07-27 09:30:00,11,0,166,93,1
2025-07-30 21:38:00,11,0,183,99,1
2025-07-28 03:27:00,4,0,86,48,0
2025-07-30 22:49:00,2,0,41,47,0
2025-07-29 09:06:00,10,0,181,81,1
2025-07-19 15:54:00,11,0,69,63,0
2025-08-01 18:46:00,0,0,77,84,0
2025-07-30 21:29:00,0,1,67,91,0
2025-07-23 23:14:00,4,1,44,48,0
2025-07-29 22:21:00,7,0,194,49,1
2025-07-22 14:13:00,8,1,207,77,1
2025-07-23 10:07:00,1,0,42,96,1
2025-07-21 19:27:00,14,0,49,92,1
2025-07-24 22:03:00,2,1,41,53,0
2025-07-26 18:03:00,6,0,73,86,0
2025-07-31 10:38:00,1,1,95,57,0
2025-07-22 16:28:00,2,0,43,42,0
2025-07-30 10:08:00,14,0,206,90,1
2025-07-25 22:58:00,0,1,152,45,0
2025-07-21 14:11:00,0,1,67,85,1
2025-07-25 21:55:00,2,0,58,48,0
2025-07-28 20:41:00,2,1,67,58,0
2025-07-25 00:52:00,3,1,134,42,0
2025-07-20 06:50:00,6,0,194,98,0
2025-07-22 23:50:00,2,1,57,51,0
2025-07-31 17:31:00,10,0,180,93,1
2025-07-24 00:42:00,6,0,125,71,0
2025-07-20 05:01:00,0,0,95,50,0
2025-07-26 20:11:00,8,1,158,68,0
2025-07-30 08:54:00,13,0,201,90,1
2025-07-30 09:39:00,14,0,181,98,1
2025-07-26 12:28:00,0,0,105,81,1
2025-08-01 03:36:00,14,0,191,83,1
2025-07-27 18:03:00,1,0,54,54,0
2025-07-30 01:53:00,9,0,177,84,1
2025-07-29 14:12:00,4,1,138,43,0
2025-07-28 16:52:00,0,1,153,45,0
2025-07-29 11:33:00,1,0,58,46,0
2025-07-25 03:35:00,14,0,190,85,1
2025-07-26 19:40:00,0,0,78,60,0
2025-07-24 07:54:00,15,0,192,87,1
2025-07-22 20:00:00,1,1,44,47,0
2025-07-22 19:57:00,4,1,135,58,0
2025-07-20 09:59:00,1,0,85,47,0
2025-07-31 08:36:00,12,0,166,97,1
2025-07-25 03:23:00,8,1,126,58,0
2025-07-24 00:00:00,3,0,94,41,0
2025-07-27 04:31:00,4,0,163,56,0
2025-07-30 02:49:00,15,0,162,86,1
2025-07-21 13:51:00,3,1,177,50,1
2025-07-21 03:04:00,3,1,56,58,0
2025-07-31 02:15:00,5,0,56,53,0
2025-07-30 07:15:00,3,1,145,68,0
2025-07-31 05:54:00,0,0,205,68,1
2025-07-30 20:36:00,13,0,205,93,1
2025-07-22 13:35:00,0,0,75,58,0
2025-07-23 02:34:00,0,1,41,59,0
2025-07-31 04:13:00,7,1,175,53,0
2025-07-26 22:35:00,2,0,82,59,0
2025-07-24 17:49:00,5,0,130,63,0
2025-07-25 12:57:00,15,0,139,52,0
2025-08-01 04:31:00,13,0,50,86,1
2025-07-28 20:08:00,9,0,144,72,1
2025-07-25 20:09:00,10,0,160,96,1
2025-07-31 14:38:00,5,1,53,40,0
2025-07-26 19:19:00,11,0,195,80,1
2025-07-27 02:39:00,3,1,182,46,1
2025-07-28 20:16:00,1,1,64,58,0
2025-07-31 18:19:00,1,0,59,52,0
2025-07-20 16:50:00,7,1,82,66,0
2025-07-29 04:52:00,11,0,205,99,1
2025-07-23 23:13:00,15,1,200,61,1
2025-08-01 09:17:00,13,0,170,100,1
2025-07-23 00:13:00,3,1,114,57,0
2025-07-20 04:13:00,1,1,152,86,1
2025-07-30 18:35:00,3,1,121,80,0
2025-07-27 00:35:00,11,0,181,98,1
2025-07-20 13:06:00,2,0,56,51,0
2025-07-31 03:32:00,9,0,169,98,1
2025-07-21 06:17:00,14,1,92,48,0
2025-07-26 01:07:00,14,0,195,82,1
2025-07-19 18:30:00,14,1,87,80,0
2025-08-01 11:16:00,14,1,195,47,1
2025-07-28 14:31:00,9,0,201,81,1
2025-07-21 07:11:00,15,0,208,93,1
2025-07-21 12:07:00,5,0,164,84,1
2025-07-30 17:17:00,5,1,80,44,0
2025-07-20 07:57:00,5,1,42,44,0
2025-07-26 03:02:00,2,0,97,58,0
2025-07-25 11:17:00,11,0,57,47,1
2025-07-28 10:30:00,15,0,209,96,1
2025-07-19 10:29:00,14,0,100,88,1
2025-07-28 13:28:00,14,0,198,82,1
2025-07-21 06:17:00,0,0,55,84,0
2025-07-28 15:13:00,11,0,209,99,1
2025-07-21 13:43:00,0,0,98,46,0
2025-07-20 06:37:00,6,1,142,96,0
2025-07-30 14:25:00,0,0,189,59,0
2025-07-25 07:40:00,10,0,208,85,1
2025-07-23 12:35:00,10,0,210,91,1
2025-07-26 03:25:00,14,0,194,95,1
2025-07-22 17:45:00,6,1,176,62,0
2025-07-23 17:20:00,15,0,189,86,1
2025-08-01 21:18:00,10,0,175,97,1
2025-07-25 16:23:00,11,0,45,42,0
2025-07-24 07:20:00,11,0,190,56,0
2025-07-30 17:44:00,0,1,102,66,0
2025-07-23 01:14:00,12,0,186,82,1
2025-07-22 15:15:00,10,0,190,97,1
2025-07-23 11:49:00,12,0,164,91,1
2025-07-26 12:46:00,3,0,61,46,0
2025-07-30 20:35:00,5,1,51,40,0
2025-07-29 10:44:00,2,1,44,49,0
2025-07-25 03:46:00,13,0,206,81,1
2025-07-29 12:17:00,2,1,173,83,0
2025-07-20 12:43:00,12,0,209,85,1
2025-07-21 22:08:00,11,0,167,87,1
2025-07-21 19:02:00,14,0,178,88,1
2025-07-26 18:50:00,2,0,88,41,0
2025-07-23 06:46:00,11,0,188,90,1
2025-07-21 13:49:00,15,0,176,100,1
2025-07-22 22:58:00,4,1,173,71,0
2025-07-22 23:56:00,12,0,171,82,1
2025-07-26 16:24:00,15,0,171,97,1
2025-07-21 22:30:00,12,0,199,82,1
2025-07-24 18:26:00,5,0,50,58,0
2025-07-22 05:57:00,11,0,206,75,1
2025-07-28 11:13:00,1,0,65,53,0
2025-07-31 17:24:00,8,1,204,74,0
2025-07-21 13:01:00,7,1,90,65,0
2025-07-25 07:21:00,3,1,126,46,0
2025-07-30 15:41:00,5,0,143,67,0
2025-07-24 07:51:00,5,0,87,42,0
2025-07-29 22:19:00,4,0,155,91,0
2025-07-22 21:08:00,6,1,120,57,0
2025-07-23 21:48:00,0,1,63,57,0
2025-07-28 14:12:00,4,1,54,48,0
2025-07-25 10:04:00,1,1,47,44,0
2025-07-23 02:46:00,4,1,42,41,0
2025-07-21 19:32:00,8,0,135,55,0
2025-07-22 23:32:00,4,0,70,52,0
2025-08-01 18:24:00,15,0,183,89,1
2025-07-29 18:46:00,8,1,144,92,0
2025-07-25 11:14:00,1,0,48,59,0
2025-07-26 03:45:00,13,1,194,45,0
2025-08-02 04:30:00,15,0,123,42,1
2025-07-24 14:31:00,0,0,91,55,0
2025-07-28 17:05:00,4,0,60,42,0
2025-07-24 05:42:00,5,1,51,45,0
2025-07-19 22:16:00,8,0,115,54,1
2025-07-29 08:56:00,4,0,165,90,1
2025-07-22 12:21:00,4,1,68,56,0
2025-07-28 05:46:00,0,1,68,46,0
2025-07-24 23:40:00,4,1,65,84,0
2025-07-29 02:59:00,2,1,90,47,0
2025-07-27 01:26:00,0,0,42,96,1
2025-07-25 23:46:00,15,0,40,88,0
2025-07-29 11:07:00,4,1,159,93,1
2025-07-29 21:03:00,15,0,206,90,1
2025-07-26 17:57:00,13,1,156,43,1
2025-07-29 10:22:00,10,0,205,86,1
2025-07-24 12:37:00,12,0,189,93,1
2025-07-29 16:48:00,3,1,191,92,1
2025-07-29 23:15:00,7,0,114,75,0
2025-07-31 07:40:00,13,0,171,95,1
2025-07-20 02:55:00,12,1,103,50,0
2025-07-30 08:33:00,9,0,77,93,0
2025-07-26 23:48:00,13,0,188,87,1
2025-08-02 04:34:00,13,0,177,94,1
2025-07-22 22:43:00,4,1,55,60,0
2025-07-27 02:49:00,5,0,73,65,0
2025-07-30 18:42:00,5,0,97,56,0
2025-07-25 18:50:00,12,0,110,83,1
2025-07-25 17:14:00,1,0,85,53,0
2025-07-24 01:49:00,1,0,96,50,0
2025-07-31 06:14:00,5,0,83,66,0
2025-08-01 01:29:00,13,0,155,59,0
2025-07-22 08:38:00,5,0,54,47,0
2025-07-31 00:36:00,4,1,69,40,0
2025-07-29 22:44:00,14,1,162,83,0
2025-07-28 07:53:00,6,0,204,88,1
2025-07-27 20:37:00,0,0,48,42,0
2025-07-28 09:15:00,11,0,169,94,1
2025-07-29 21:53:00,7,0,191,94,0
2025-07-22 16:26:00,12,1,136,40,0
2025-07-23 05:05:00,5,0,77,58,0
2025-07-27 14:31:00,1,1,69,51,0
2025-07-24 16:39:00,10,0,64,67,0
2025-07-24 10:27:00,3,1,66,47,0
2025-07-29 14:51:00,14,0,196,85,1
2025-07-31 02:38:00,3,1,100,49,0
2025-07-19 15:59:00,2,0,95,47,0
2025-07-21 05:03:00,5,0,57,40,0
2025-07-20 03:59:00,7,0,185,100,1
2025-07-30 09:32:00,1,1,92,59,0
2025-07-27 21:47:00,11,0,170,93,1
2025-07-23 02:15:00,9,0,182,88,1
2025-07-27 05:21:00,9,1,205,78,0
2025-07-24 20:06:00,4,0,52,52,0
2025-07-24 14:52:00,1,0,146,70,0
2025-07-20 00:31:00,15,0,180,83,1
2025-07-30 18:06:00,8,1,45,84,0
2025-07-21 08:03:00,13,0,203,61,1
2025-08-01 22:16:00,9,0,205,85,1
2025-07-27 14:39:00,9,0,183,95,1
2025-07-28 05:03:00,10,0,195,85,1
2025-07-29 08:19:00,15,0,164,82,1
2025-07-26 09:43:00,4,1,83,41,0
2025-07-28 23:35:00,10,0,197,100,1
2025-07-23 06:05:00,8,1,44,65,1
2025-07-31 19:25:00,2,0,49,59,0
2025-07-23 19:00:00,3,0,47,60,0
2025-07-27 06:23:00,11,0,137,87,1
2025-07-31 05:30:00,12,0,175,81,1
2025-08-01 07:59:00,5,0,54,53,0
2025-07-24 06:49:00,14,0,172,100,1
2025-07-27 14:45:00,12,0,183,98,1
2025-08-01 18:13:00,7,1,63,51,0
2025-07-19 17:24:00,14,0,187,87,1
2025-07-25 05:51:00,14,1,138,53,0
2025-08-01 13:47:00,1,1,75,50,0
2025-07-25 09:00:00,1,0,69,45,0
2025-07-27 20:20:00,1,1,53,59,0
2025-07-30 09:58:00,10,0,128,74,0
2025-07-22 14:10:00,15,0,170,43,0
2025-07-22 04:58:00,3,0,87,40,0
2025-07-30 09:05:00,2,1,64,49,0
2025-08-01 00:05:00,5,1,43,48,0
2025-07-21 06:12:00,14,0,184,91,1
2025-07-30 03:06:00,5,1,80,40,0
2025-07-31 14:50:00,4,1,46,60,0
2025-07-24 07:26:00,5,1,85,52,0
2025-07-28 15:26:00,13,1,144,44,1
2025-07-26 13:18:00,1,0,70,45,0
2025-07-30 13:52:00,15,0,189,94,1
2025-07-26 01:04:00,6,1,153,85,1
2025-07-27 02:13:00,4,1,45,43,0
2025-07-24 14:27:00,8,0,139,89,1
2025-07-19 23:42:00,4,0,74,59,0
2025-07-22 18:08:00,14,0,174,83,1
2025-07-31 07:08:00,1,0,76,50,0
2025-07-31 04:27:00,4,1,90,60,0
2025-07-26 23:44:00,8,1,75,52,0
2025-07-31 16:13:00,0,1,56,52,0
2025-07-29 07:44:00,1,0,57,48,0
2025-07-22 07:43:00,15,1,208,49,0
2025-07-27 06:25:00,14,0,99,47,0
2025-08-02 01:08:00,15,0,166,62,1
2025-07-30 18:00:00,11,0,189,95,1
2025-07-22 10:12:00,13,0,184,99,1
2025-07-20 05:57:00,14,0,141,50,0
2025-07-28 18:54:00,13,0,208,80,1
2025-07-28 12:48:00,5,1,92,55,0
2025-07-30 18:56:00,7,1,121,86,1
2025-07-22 03:31:00,13,0,177,83,1
2025-07-30 10:52:00,2,1,123,80,1
2025-07-27 01:46:00,11,1,97,61,0
2025-07-31 23:03:00,9,0,168,83,1
2025-07-31 12:11:00,14,0,185,87,1
2025-07-23 04:49:00,15,1,171,42,1
2025-07-31 08:52:00,12,1,144,53,0
2025-07-26 21:40:00,6,1,188,76,1
2025-07-24 16:45:00,14,0,196,100,1
2025-07-26 01:46:00,14,0,190,85,1
2025-07-21 00:57:00,10,0,182,84,1
2025-07-21 02:54:00,1,0,88,55,0
2025-07-31 23:54:00,15,0,183,92,1
2025-07-29 09:37:00,12,0,192,83,1
2025-07-21 02:02:00,1,1,79,58,0
2025-07-30 07:48:00,15,0,162,100,1
2025-07-29 07:56:00,0,0,43,66,0
2025-07-28 09:58:00,14,0,199,56,0
2025-07-25 06:49:00,6,1,71,76,0
2025-08-01 05:19:00,11,0,176,90,1
2025-07-27 04:07:00,2,1,42,55,0
2025-07-28 15:11:00,8,1,61,51,0
2025-07-23 02:33:00,14,1,96,78,0
2025-07-23 07:30:00,10,0,208,89,1
2025-07-26 12:47:00,12,0,193,97,1
2025-07-31 16:43:00,4,0,209,98,0
2025-07-31 10:34:00,11,0,195,94,1
2025-07-23 13:52:00,3,1,72,56,0
2025-07-19 20:45:00,13,0,165,100,1
2025-07-27 13:55:00,0,0,66,48,0
2025-07-31 19:04:00,9,0,207,87,1
2025-07-24 14:04:00,7,1,133,97,0
2025-07-30 20:18:00,15,0,172,94,1
2025-07-30 09:23:00,11,0,208,90,1
2025-07-21 16:38:00,1,0,64,49,0
2025-08-01 00:35:00,15,0,46,78,0
2025-08-01 12:01:00,7,0,165,48,0
2025-07-20 21:13:00,4,1,99,54,0
2025-07-25 08:26:00,13,0,185,85,1
2025-07-22 14:18:00,0,0,61,81,0
2025-07-28 23:42:00,6,1,71,94,0
2025-07-26 20:34:00,11,0,202,100,1
2025-07-30 15:35:00,2,0,181,43,0
2025-07-24 11:01:00,9,0,165,92,1
2025-07-20 12:25:00,0,0,159,70,0
2025-07-28 19:13:00,7,1,83,45,0
2025-07-19 11:52:00,11,0,162,81,1
2025-07-26 05:19:00,4,0,81,49,0
2025-07-30 18:40:00,2,0,116,82,0
2025-07-25 22:06:00,1,0,81,54,0
2025-07-30 17:27:00,10,0,178,96,1
2025-07-27 13:53:00,7,1,159,46,0
2025-07-21 15:09:00,2,1,87,40,0
2025-07-24 21:14:00,4,1,83,59,0
2025-07-29 23:25:00,1,0,171,85,0
2025-07-31 19:05:00,13,0,210,86,1
2025-08-01 19:08:00,12,1,78,78,0
2025-07-25 22:50:00,2,1,96,53,0
2025-08-01 11:01:00,6,0,185,47,1
2025-07-27 00:39:00,13,0,206,81,1
2025-07-19 15:52:00,11,0,162,96,1
2025-08-01 22:27:00,2,0,45,52,0
2025-07-26 23:37:00,1,0,40,55,0
2025-07-30 20:06:00,4,0,53,59,0
2025-07-24 14:06:00,2,0,68,59,0
2025-07-28 06:31:00,11,0,193,98,1
2025-07-30 01:27:00,12,0,179,83,1
2025-07-31 15:36:00,0,0,175,98,1
2025-07-29 00:29:00,1,0,68,48,0
2025-07-24 23:03:00,8,0,46,46,1
2025-07-29 11:46:00,9,0,42,80,1
2025-07-24 00:27:00,5,1,133,53,0
2025-07-28 08:50:00,0,0,41,59,0
2025-07-23 06:43:00,9,0,204,86,1
2025-07-24 16:34:00,15,0,174,91,1
2025-07-31 02:38:00,2,0,98,59,0
2025-07-31 14:04:00,15,0,163,99,1
2025-08-01 00:35:00,9,0,209,86,1
2025-07-23 17:11:00,1,1,130,50,0
2025-07-26 07:21:00,5,0,74,45,0
2025-07-29 18:47:00,3,0,80,50,0
2025-08-01 13:28:00,15,0,210,80,1
2025-07-24 06:09:00,5,0,65,62,0
2025-07-26 05:18:00,3,1,83,50,0
2025-07-22 12:20:00,12,0,90,85,1
2025-07-29 08:30:00,13,0,200,89,1
2025-07-24 02:16:00,5,1,65,60,0
2025-07-24 01:37:00,4,0,47,51,0
2025-08-01 18:57:00,0,1,50,51,0
2025-07-24 16:32:00,5,1,187,86,0
2025-07-21 19:57:00,15,0,137,74,1
2025-07-27 23:05:00,4,0,47,46,0
2025-07-27 17:54:00,9,0,167,90,1
2025-08-01 21:19:00,12,0,170,81,1
2025-07-23 04:10:00,4,1,64,53,0
2025-07-27 20:11:00,11,0,103,88,1
2025-07-24 01:22:00,14,0,192,80,1
2025-07-26 06:01:00,0,0,77,44,0
2025-07-19 19:14:00,8,1,66,40,0
2025-07-23 06:17:00,14,1,59,81,1
2025-07-29 16:19:00,11,0,201,77,0
2025-08-01 10:48:00,5,0,146,43,0
2025-07-21 08:53:00,10,0,59,80,1
2025-07-31 01:04:00,11,0,171,98,1
2025-07-21 01:19:00,11,0,199,82,1
2025-07-22 17:38:00,5,1,92,91,0
2025-07-21 12:10:00,0,0,41,58,0
2025-07-31 10:03:00,12,0,192,81,1
2025-07-29 05:04:00,3,0,172,88,1
2025-07-28 09:49:00,9,0,178,87,1
2025-07-24 10:32:00,10,0,170,93,1
2025-07-26 05:32:00,5,0,82,59,0
2025-07-25 05:44:00,5,1,83,69,0
2025-07-28 10:40:00,11,1,79,84,0
2025-07-27 19:52:00,2,1,129,98,0
2025-07-22 23:39:00,9,0,110,61,0
2025-07-31 16:30:00,1,0,87,54,0
2025-07-22 19:12:00,8,1,117,65,0
2025-07-23 00:53:00,1,1,202,54,0
2025-07-19 23:14:00,9,1,159,51,1
2025-07-22 04:30:00,12,1,116,65,1
2025-07-28 06:16:00,11,0,41,93,1
2025-07-23 13:20:00,10,0,161,86,1
2025-07-19 09:19:00,11,0,168,91,1
2025-07-23 23:35:00,7,0,54,48,0
2025-07-28 00:43:00,15,0,202,87,0
2025-07-22 20:53:00,14,0,158,59,0
2025-07-29 12:33:00,2,0,95,54,0
2025-07-27 15:57:00,9,0,209,82,1
2025-07-21 19:02:00,1,1,97,54,0
2025-07-27 05:27:00,1,0,41,41,0
2025-07-27 16:19:00,7,0,203,83,0
2025-08-01 10:05:00,3,0,78,64,0
2025-07-22 23:58:00,9,1,171,84,0
2025-07-29 04:16:00,15,0,183,86,1
2025-07-23 21:17:00,3,0,51,47,0
2025-07-26 03:04:00,15,0,168,94,1
2025-07-31 11:21:00,15,0,208,87,1
2025-07-27 10:57:00,10,0,175,85,0
2025-07-21 18:22:00,6,1,102,58,0
2025-07-22 23:59:00,7,1,124,43,0
2025-07-26 12:49:00,11,0,182,85,1
2025-07-23 07:51:00,12,0,204,85,1
2025-08-01 03:02:00,2,1,173,89,1
2025-07-21 12:27:00,2,0,93,40,0
2025-08-01 06:39:00,14,0,206,94,1
2025-07-31 11:10:00,3,0,56,71,0
2025-07-25 02:03:00,0,1,74,48,0
2025-07-26 10:27:00,2,1,107,62,0
2025-07-23 19:02:00,9,0,188,80,1
2025-08-02 03:25:00,2,1,99,57,0
2025-07-25 22:38:00,15,0,185,95,1
2025-07-30 05:36:00,7,0,167,90,1
2025-07-29 12:13:00,7,1,187,96,1
2025-07-23 13:08:00,15,1,151,97,1
2025-07-28 12:25:00,0,0,49,53,0
2025-07-23 20:29:00,12,1,87,99,1
2025-07-28 16:12:00,12,0,160,92,1
2025-08-01 01:30:00,15,0,168,87,1
2025-07-25 12:42:00,4,0,126,72,0
2025-07-20 03:10:00,4,0,94,55,0
2025-07-20 05:40:00,10,0,171,94,1
2025-07-29 17:15:00,14,1,154,80,1
2025-07-31 16:21:00,9,1,171,79,1
2025-08-01 14:26:00,4,1,73,59,0
2025-07-28 04:07:00,9,0,167,97,1
2025-07-26 03:03:00,6,0,168,87,0
2025-08-01 02:54:00,5,0,41,40,0
2025-07-29 03:59:00,1,0,81,47,0
2025-07-30 19:10:00,12,0,170,91,1
2025-07-25 14:14:00,3,0,95,52,0
2025-07-22 17:40:00,11,1,129,70,1
2025-07-21 17:24:00,6,0,41,68,0
2025-07-31 09:16:00,5,1,46,55,0
2025-07-27 19:48:00,12,1,107,96,1
2025-07-21 21:26:00,8,0,70,100,1
2025-07-23 14:41:00,14,0,177,84,1
2025-07-28 04:55:00,11,0,173,92,1
2025-07-25 19:51:00,6,1,192,41,0
2025-07-30 18:23:00,13,0,177,87,1
2025-07-22 05:28:00,11,0,207,84,1
2025-07-28 15:07:00,3,1,44,48,0
2025-08-01 03:31:00,3,0,100,60,0
2025-07-27 16:51:00,2,0,138,50,0
2025-07-23 08:37:00,0,1,76,59,0
2025-08-02 01:10:00,4,0,119,95,0
2025-07-21 11:07:00,4,1,42,55,0
2025-07-31 07:39:00,4,0,149,43,0
2025-07-23 00:09:00,3,1,43,52,0
2025-07-21 13:09:00,0,1,141,42,0
2025-07-26 05:41:00,15,0,120,96,1
2025-07-31 19:41:00,14,0,200,88,1
2025-07-29 12:23:00,10,0,143,81,1
2025-07-26 07:36:00,10,1,203,51,1
2025-07-29 14:24:00,0,1,52,44,0
2025-07-23 08:56:00,14,0,197,93,1
2025-07-22 21:32:00,15,0,68,86,0
2025-07-21 03:30:00,1,0,70,42,0
2025-07-30 04:01:00,3,0,82,50,0
2025-08-01 23:39:00,11,1,56,81,1
2025-07-26 20:56:00,13,1,123,56,0
2025-07-24 11:11:00,6,1,176,80,1
2025-07-26 14:11:00,3,0,197,94,1
2025-07-28 18:59:00,7,0,119,55,0
2025-07-26 23:41:00,15,0,151,98,1
2025-07-20 08:16:00,4,1,81,98,0
2025-07-30 02:39:00,9,0,189,87,1
2025-07-22 08:06:00,1,1,79,41,0
2025-07-30 17:07:00,1,0,151,92,1
2025-07-26 18:58:00,11,0,56,47,0
2025-07-31 22:19:00,13,0,191,92,1
2025-07-23 03:28:00,10,0,176,85,1
2025-08-01 15:28:00,1,1,83,42,0
2025-07-30 10:09:00,3,1,99,48,0
2025-07-21 12:47:00,4,1,58,55,0
2025-07-30 19:47:00,14,0,191,87,1
2025-07-25 19:46:00,0,0,116,86,0
2025-07-31 11:49:00,2,0,48,70,0
2025-07-25 08:56:00,0,0,169,91,0
2025-07-30 10:30:00,3,1,73,59,0
2025-07-26 08:28:00,15,0,180,57,1
2025-07-25 00:06:00,15,0,190,83,1
2025-08-01 09:17:00,2,0,64,66,0
2025-07-19 13:12:00,2,0,79,54,0
2025-07-20 19:02:00,3,1,180,94,1
2025-07-28 00:12:00,3,0,74,59,0
2025-07-26 21:37:00,4,1,56,49,0
2025-07-25 11:14:00,3,0,58,57,0
2025-07-30 22:28:00,14,0,190,81,1
2025-07-29 18:33:00,13,0,99,68,0
2025-07-30 12:53:00,13,0,181,97,1
2025-07-30 15:44:00,15,0,174,84,1
2025-07-30 19:42:00,2,1,59,43,0
2025-07-20 11:26:00,8,1,91,61,0
2025-08-01 13:19:00,10,0,185,87,1
2025-07-20 22:36:00,8,1,167,47,1
2025-07-28 20:53:00,13,0,172,88,1
2025-07-24 16:01:00,11,0,205,95,1
2025-07-28 03:25:00,0,0,125,50,0
2025-07-26 01:47:00,0,1,166,73,0
2025-07-23 12:57:00,2,1,61,42,0
2025-07-27 18:14:00,11,0,196,97,1
2025-07-20 22:54:00,10,1,205,72,0
2025-07-26 04:17:00,14,1,189,84,1
2025-07-21 18:51:00,14,0,56,58,0
2025-07-27 15:05:00,14,0,202,91,1
2025-07-21 04:27:00,9,0,54,92,1
2025-07-23 01:41:00,9,0,190,82,1
2025-07-21 07:10:00,10,1,158,68,0
2025-07-30 10:35:00,11,0,79,46,0
2025-07-24 10:14:00,1,0,188,60,0
2025-07-21 09:43:00,3,1,175,75,0
2025-07-19 19:28:00,1,0,86,57,0
2025-07-21 05:20:00,4,0,48,53,0
2025-08-01 21:33:00,14,0,168,84,1
2025-08-01 08:42:00,1,0,54,47,0
2025-07-20 19:35:00,0,0,131,56,0
2025-07-28 09:48:00,3,0,45,58,0
2025-07-27 09:30:00,9,0,187,96,1
2025-07-31 04:15:00,11,1,154,82,1
2025-08-01 11:55:00,14,1,134,51,0
2025-07-23 11:25:00,4,1,126,90,1
2025-07-31 10:50:00,12,1,80,57,1
2025-07-27 05:39:00,11,0,178,92,1
2025-07-20 08:38:00,10,0,169,84,1
2025-07-31 06:57:00,8,1,50,98,1
2025-07-20 01:56:00,15,0,150,100,1
2025-07-30 06:52:00,8,1,79,81,1
2025-07-25 08:36:00,4,0,118,51,0
2025-07-31 20:37:00,9,0,131,77,1
2025-08-01 10:31:00,12,0,190,87,1
2025-07-19 16:20:00,4,1,138,44,0
2025-07-23 02:08:00,1,1,59,44,0
2025-07-26 05:09:00,7,1,164,53,0
2025-08-01 08:44:00,0,0,124,63,0
2025-07-31 14:38:00,3,1,93,41,0
2025-07-19 09:10:00,7,0,112,87,1
2025-07-23 08:25:00,9,1,123,55,0
2025-07-23 13:28:00,4,0,153,52,0
2025-07-24 20:22:00,4,1,48,58,0
2025-07-22 14:18:00,7,1,88,100,0
2025-07-30 12:20:00,4,0,96,54,0
2025-07-27 03:35:00,14,0,132,97,1
2025-07-22 15:57:00,9,0,171,83,1
2025-07-23 02:31:00,11,1,208,62,1
2025-07-22 20:29:00,15,0,182,99,1
2025-07-20 13:48:00,2,0,94,51,0
2025-07-31 19:36:00,15,0,193,100,1
2025-07-26 12:48:00,13,0,207,86,1
2025-07-30 18:27:00,2,0,120,54,0
2025-07-21 14:31:00,11,1,205,75,1
2025-07-25 06:05:00,11,0,207,85,1
2025-07-28 15:14:00,15,0,183,94,1
2025-07-28 22:22:00,0,1,40,44,0
2025-07-21 06:24:00,1,1,48,45,0
2025-07-30 16:37:00,10,0,51,48,1
2025-07-21 17:16:00,11,0,64,63,0
2025-07-26 12:29:00,11,0,194,88,1
2025-07-22 11:27:00,1,1,100,47,0
2025-07-26 20:33:00,7,1,161,60,1
2025-07-27 09:32:00,2,0,45,52,0
2025-07-29 18:41:00,5,1,180,85,1
2025-07-19 23:36:00,13,0,206,93,1
2025-07-25 04:29:00,11,0,202,92,1
2025-07-31 08:20:00,10,0,184,85,1
2025-07-28 16:02:00,0,1,64,44,0
2025-07-30 13:51:00,1,0,100,58,0
2025-07-29 09:51:00,10,0,202,84,1
2025-07-28 00:57:00,15,0,177,93,1
2025-07-22 12:02:00,8,0,104,42,0
2025-07-24 21:06:00,9,0,167,87,1
2025-08-01 13:29:00,10,1,137,57,0
2025-07-24 15:33:00,0,0,86,40,0
2025-07-24 15:15:00,9,0,190,85,1
2025-07-27 05:41:00,9,0,179,86,1
2025-07-23 02:13:00,3,1,57,45,0
2025-07-23 13:29:00,4,0,55,43,0
2025-07-23 17:04:00,0,0,88,50,0
2025-07-30 02:03:00,8,1,194,73,1
2025-07-21 14:03:00,0,0,203,50,0
2025-07-30 20:50:00,11,0,181,95,1
2025-07-25 13:20:00,4,1,63,42,0
2025-07-23 03:41:00,6,1,97,79,0
2025-07-28 12:58:00,2,1,46,59,0
2025-07-25 03:56:00,4,0,83,48,0
2025-07-20 21:48:00,11,0,207,96,1
2025-07-28 20:17:00,7,0,148,96,0
2025-07-30 20:58:00,12,0,125,75,1
2025-07-23 01:13:00,13,0,162,80,1
2025-07-29 09:50:00,15,0,190,87,1
2025-07-20 17:10:00,10,0,160,82,1
2025-07-29 22:06:00,14,0,173,95,1
2025-07-22 01:39:00,12,1,141,63,1
2025-07-30 09:59:00,1,0,103,70,0
2025-07-31 16:36:00,10,1,122,55,0
2025-07-28 22:39:00,13,1,178,59,0
2025-07-20 12:26:00,10,1,101,51,0
2025-07-28 12:24:00,2,1,202,98,0
2025-07-24 12:40:00,2,1,143,58,0
2025-07-23 03:55:00,5,1,70,52,0
2025-07-21 19:58:00,4,0,87,58,0
2025-07-28 15:07:00,1,1,79,43,0
2025-07-27 17:25:00,15,1,41,48,0
2025-07-22 04:01:00,7,0,154,67,0
2025-07-22 06:34:00,5,0,71,44,0
2025-07-26 12:42:00,15,0,58,91,0
2025-07-25 04:23:00,13,1,171,41,1
2025-07-30 13:12:00,5,0,96,84,1
2025-07-22 13:46:00,10,0,168,83,1
2025-07-22 07:04:00,15,0,198,42,1
2025-07-31 21:03:00,15,0,58,40,0
2025-07-21 07:17:00,11,0,98,100,0
2025-07-23 06:43:00,3,0,130,67,0
2025-07-22 19:16:00,3,0,72,48,0
2025-07-29 04:56:00,2,0,201,52,0
2025-07-26 18:57:00,13,0,208,97,1
2025-07-22 09:17:00,6,1,103,74,0
2025-07-25 17:52:00,2,0,131,87,0
2025-07-31 06:06:00,8,0,48,80,1
2025-07-24 07:47:00,2,1,176,54,0
2025-07-21 00:49:00,11,0,159,84,0
2025-07-30 07:16:00,1,0,67,46,0
2025-07-31 01:53:00,13,0,176,99,1
2025-07-29 06:29:00,3,1,50,52,0
2025-07-23 01:02:00,13,0,184,98,1
2025-07-22 09:32:00,11,0,188,90,1
2025-07-20 14:57:00,10,0,196,90,1
2025-07-30 10:54:00,2,1,57,53,0
2025-07-25 20:04:00,11,0,76,50,0
2025-07-24 03:43:00,0,0,83,41,0
2025-07-29 09:57:00,8,1,112,69,1
2025-07-24 14:49:00,9,0,163,98,1
2025-07-24 23:37:00,9,0,208,82,1
2025-07-27 00:33:00,7,0,42,42,0
2025-07-28 03:41:00,6,0,166,88,1
2025-07-26 15:18:00,12,1,160,68,1
2025-08-01 07:16:00,12,1,193,60,1
2025-07-20 00:24:00,11,0,63,75,1
2025-07-31 10:20:00,7,0,192,84,0
2025-07-28 16:51:00,1,0,99,44,0
2025-07-19 20:00:00,11,1,49,43,1
2025-07-22 01:18:00,3,0,99,62,0
2025-07-21 04:20:00,5,0,58,83,1
2025-07-25 04:19:00,9,1,100,59,0
2025-07-22 14:57:00,10,1,64,53,0
2025-07-23 15:48:00,2,0,151,52,0
2025-07-27 14:15:00,0,0,167,83,1
2025-07-27 01:13:00,14,0,186,92,1
2025-07-24 23:27:00,9,1,128,74,0
2025-07-29 01:48:00,2,1,87,58,0
2025-07-23 15:54:00,14,0,198,88,1
2025-07-19 15:08:00,1,0,44,54,0
2025-07-30 13:25:00,12,0,149,84,1
2025-08-01 19:26:00,3,0,193,54,0
2025-07-26 12:26:00,4,1,51,53,0
2025-07-30 06:19:00,0,0,42,46,0
2025-07-25 20:32:00,10,1,48,69,1
2025-07-21 13:48:00,1,0,48,60,0
2025-07-31 02:06:00,14,1,102,44,0
2025-07-20 08:27:00,15,0,170,83,1
2025-08-01 15:24:00,3,1,61,58,0
2025-07-20 07:01:00,2,1,145,60,0
2025-07-25 12:16:00,15,0,146,66,1
2025-07-19 12:08:00,15,1,153,84,1
2025-07-29 12:29:00,15,0,68,94,0
2025-07-31 03:26:00,1,1,75,56,0
2025-07-24 19:07:00,0,1,99,83,1
2025-07-21 10:06:00,4,0,147,50,0
2025-07-31 01:22:00,9,0,200,86,1
2025-07-27 12:09:00,2,0,200,77,1
2025-07-22 10:18:00,13,1,191,90,1
2025-07-21 10:37:00,8,0,54,85,1
2025-07-27 15:25:00,3,0,149,58,0
2025-07-21 18:37:00,1,0,43,57,0
2025-07-27 08:52:00,1,0,115,45,0
2025-07-20 00:36:00,0,0,172,59,1
2025-07-24 18:21:00,0,0,46,58,0
2025-07-20 10:35:00,12,0,181,91,1
2025-07-24 03:11:00,2,0,50,62,0
2025-07-30 17:38:00,10,1,207,82,1
2025-07-26 14:04:00,3,0,97,58,0
2025-07-21 23:58:00,0,1,94,73,0
2025-07-29 12:21:00,14,0,180,84,1
2025-07-21 17:33:00,1,0,52,44,0
2025-07-19 14:38:00,2,0,78,43,0
2025-08-01 08:47:00,14,0,160,87,1
2025-07-22 11:59:00,15,1,174,78,1
2025-07-21 11:12:00,3,1,90,47,0
2025-07-20 07:34:00,15,0,192,89,1
2025-07-23 14:30:00,0,1,57,49,0
2025-08-01 20:51:00,2,0,176,89,0
2025-07-27 17:13:00,9,0,121,62,0
2025-07-31 00:48:00,5,0,75,45,0
2025-07-28 06:14:00,12,1,62,97,1
2025-07-19 09:49:00,12,1,104,68,0
2025-07-29 23:43:00,1,0,157,77,0
2025-07-22 02:12:00,5,0,88,55,0
2025-08-01 19:30:00,5,1,54,94,0
2025-07-24 12:04:00,12,0,178,81,1
2025-07-29 17:08:00,15,0,161,99,1
2025-07-31 10:39:00,2,0,86,56,0
2025-08-01 20:16:00,9,0,182,88,1
2025-07-20 00:06:00,12,0,173,85,1
2025-08-01 22:30:00,6,1,180,64,0
2025-07-27 05:59:00,10,0,166,79,1
2025-07-30 09:08:00,0,0,95,42,0
2025-07-26 17:36:00,15,0,162,91,1
2025-07-28 00:59:00,11,1,153,81,1
2025-07-24 15:55:00,4,1,82,40,0
2025-07-30 00:15:00,2,0,42,45,0
2025-07-21 18:42:00,0,1,98,54,0
2025-07-27 15:38:00,14,1,164,86,1
2025-07-30 12:45:00,6,1,129,75,0
2025-07-24 07:05:00,6,0,160,61,1
2025-07-26 16:47:00,14,0,54,57,0
2025-08-01 23:03:00,13,1,105,55,1
2025-08-01 19:18:00,3,0,133,42,0
2025-07-31 21:29:00,2,0,65,42,0
2025-07-24 07:16:00,9,0,153,48,1
2025-07-27 17:46:00,1,1,165,100,1
2025-07-21 16:44:00,4,1,71,50,0
2025-07-27 06:53:00,4,0,92,58,0
2025-07-20 16:00:00,4,1,80,47,0
2025-07-24 21:42:00,1,1,56,45,0
2025-07-21 13:32:00,5,1,90,54,0
2025-07-31 21:37:00,15,1,183,81,1
2025-07-28 04:36:00,6,0,192,96,1
2025-07-28 23:45:00,12,0,116,59,1
2025-07-26 05:09:00,14,0,186,83,1
2025-07-24 01:03:00,11,0,176,82,1
2025-07-22 02:13:00,1,1,180,77,0
2025-07-19 19:18:00,3,0,184,100,1
2025-07-21 05:36:00,14,0,162,93,1
2025-07-30 05:52:00,11,0,183,85,1
2025-07-28 22:51:00,15,0,181,79,1
2025-07-27 23:16:00,5,0,106,68,0
2025-07-24 12:07:00,4,0,189,43,0
2025-07-29 09:05:00,15,1,138,63,1
2025-07-30 20:50:00,6,1,125,43,0
2025-07-30 21:37:00,0,0,50,43,0
2025-07-23 03:38:00,15,0,184,88,1
2025-07-21 06:00:00,10,0,158,86,1
2025-07-23 09:31:00,12,1,186,92,0
2025-07-26 10:40:00,15,0,195,88,0
2025-07-28 01:12:00,9,0,205,85,1
2025-07-22 06:25:00,13,1,123,89,0
2025-07-31 08:48:00,15,0,181,97,1
2025-07-25 15:58:00,9,0,114,54,0
2025-07-22 23:21:00,4,0,68,41,0
2025-07-19 16:16:00,14,0,164,45,1
2025-07-20 03:18:00,13,0,173,82,1
2025-07-31 18:15:00,14,0,168,95,1
2025-07-28 18:23:00,0,1,49,60,0
2025-07-31 09:56:00,3,0,78,71,0
2025-07-31 12:04:00,15,0,191,80,1
2025-07-21 07:42:00,2,0,67,51,0
2025-07-30 06:35:00,9,0,55,43,0
2025-07-27 08:04:00,5,0,93,84,0
2025-07-20 00:14:00,11,0,197,95,1
2025-07-24 23:05:00,0,0,65,45,0
2025-07-24 05:20:00,2,0,87,75,0
2025-07-31 14:54:00,11,0,164,97,1
2025-07-24 23:46:00,12,0,209,99,1
2025-07-25 10:09:00,10,0,66,58,0
2025-07-28 19:06:00,1,0,73,58,0
2025-07-20 16:45:00,7,1,139,47,0
2025-07-28 00:40:00,1,0,95,48,0
2025-07-26 19:10:00,0,0,46,94,0
2025-07-27 01:22:00,9,0,160,86,1
2025-07-24 01:35:00,12,1,77,44,0
2025-07-29 07:31:00,12,0,166,81,1
2025-07-19 14:53:00,6,0,109,80,0
2025-07-22 01:08:00,2,1,169,93,0
2025-07-24 08:04:00,11,0,183,86,1
2025-08-01 18:08:00,2,1,73,48,0
2025-08-01 17:30:00,10,1,128,90,1
2025-07-26 02:01:00,0,1,40,43,0
2025-07-29 00:30:00,1,1,90,60,0
2025-07-25 17:25:00,0,1,55,52,0
2025-07-29 04:56:00,12,0,194,98,1
2025-07-26 13:19:00,11,0,195,83,1
2025-07-31 14:30:00,3,1,93,49,0
2025-08-01 20:26:00,15,0,98,72,0
2025-07-23 13:26:00,15,1,153,81,0
2025-07-23 17:34:00,10,0,202,90,1
2025-07-20 13:20:00,2,1,43,45,0
2025-07-25 01:08:00,14,1,199,88,1
2025-07-26 07:42:00,0,0,83,60,0
2025-07-20 06:24:00,15,0,172,81,1
2025-07-21 21:28:00,9,0,191,100,1
2025-07-31 12:51:00,7,1,85,51,0
2025-07-23 21:22:00,2,0,57,90,1
2025-07-27 06:56:00,3,0,97,49,0
2025-07-31 17:50:00,6,1,46,48,0
2025-07-29 08:34:00,2,1,77,46,0
2025-08-01 04:54:00,11,0,196,79,1
2025-07-25 12:22:00,2,0,98,60,0
2025-07-25 07:48:00,11,0,208,83,1
2025-07-31 21:48:00,9,1,90,46,0
2025-07-21 08:29:00,10,0,186,83,1
2025-07-23 09:08:00,15,0,185,100,1
2025-07-28 16:44:00,12,0,172,91,1
2025-07-24 14:10:00,10,0,160,94,1
2025-07-20 21:29:00,1,0,40,50,0
2025-07-30 10:30:00,8,0,56,79,0
2025-07-29 05:43:00,14,1,108,83,1
2025-07-27 03:02:00,15,0,164,94,1
2025-07-21 01:38:00,13,0,170,53,0
2025-07-27 11:53:00,3,1,63,80,0
2025-07-25 08:41:00,10,0,162,93,1
2025-07-24 20:29:00,4,1,187,55,0
2025-07-30 15:55:00,14,0,99,65,0
2025-07-24 20:53:00,11,0,191,81,1
2025-07-29 10:48:00,1,1,70,45,0
2025-07-31 14:13:00,1,0,43,55,0
2025-07-20 18:07:00,12,0,205,81,1
2025-07-21 01:22:00,15,0,193,62,1
2025-07-29 16:51:00,8,1,180,55,1
2025-07-20 05:10:00,5,0,47,44,0
2025-07-30 10:37:00,4,1,89,41,0
2025-07-24 02:11:00,5,1,69,56,0
2025-07-31 07:19:00,12,0,168,99,1
2025-07-24 11:06:00,6,0,101,41,0
2025-07-24 10:11:00,1,0,78,95,0
2025-07-30 11:37:00,2,1,61,45,0
2025-07-20 00:53:00,15,0,179,96,1
2025-07-19 21:35:00,13,0,188,99,1
2025-07-23 11:27:00,0,1,47,40,0
2025-07-29 09:08:00,9,1,140,99,1
2025-07-20 13:21:00,1,1,80,53,0
2025-07-24 18:51:00,15,1,190,71,0
2025-08-01 19:52:00,14,0,175,70,1
2025-07-24 04:24:00,13,0,198,100,1
2025-07-29 10:10:00,8,0,201,68,1
2025-07-30 19:10:00,4,0,73,92,1
2025-07-25 08:27:00,11,1,140,52,0
2025-07-29 13:20:00,4,1,199,72,0
2025-07-28 05:50:00,13,1,181,92,1
2025-08-01 11:17:00,11,0,167,86,1
2025-07-21 10:40:00,12,0,160,93,1
2025-07-31 17:31:00,13,0,188,52,1
2025-07-24 04:37:00,0,0,74,50,0
2025-07-28 09:52:00,13,0,198,89,1
2025-07-19 19:35:00,12,0,168,89,1
2025-07-20 00:20:00,11,0,177,47,1
2025-07-27 21:35:00,3,0,175,54,0
2025-08-01 15:11:00,1,1,65,65,0
2025-07-26 06:00:00,7,1,74,61,0
2025-07-24 21:55:00,15,1,176,49,1
2025-07-21 09:10:00,6,0,49,49,0
2025-07-19 08:15:00,7,0,72,63,0
2025-07-31 07:49:00,14,0,184,94,1
2025-07-30 12:35:00,8,0,184,95,1
2025-07-24 10:27:00,11,0,210,91,1
2025-07-27 02:26:00,15,0,199,87,1
2025-07-19 17:23:00,11,1,95,45,1
2025-07-29 06:46:00,2,1,59,78,0
2025-07-21 23:18:00,15,0,191,98,1
2025-07-21 02:11:00,9,0,200,83,1
2025-07-20 14:40:00,15,0,168,48,1
2025-07-28 13:31:00,9,0,195,94,1
2025-07-21 04:13:00,0,1,62,53,0
2025-07-20 06:52:00,9,0,162,94,1
2025-07-25 20:36:00,7,0,166,54,0
2025-07-25 14:22:00,1,0,93,40,0
2025-07-30 17:36:00,1,1,69,47,0
2025-07-23 07:08:00,13,0,103,48,0
2025-07-29 03:35:00,14,0,175,87,1
2025-07-27 23:45:00,1,0,55,58,0
2025-07-30 21:18:00,2,0,181,58,1
2025-07-31 08:34:00,13,1,164,92,0
2025-07-22 09:52:00,9,0,112,62,0
2025-08-01 08:56:00,14,0,193,97,1
2025-07-24 15:09:00,15,0,164,59,0
2025-07-30 03:21:00,0,0,147,99,0
2025-07-27 07:26:00,13,0,169,91,1
2025-07-25 16:04:00,10,0,203,93,1
2025-07-21 16:29:00,3,1,157,99,1
2025-07-24 02:10:00,1,0,100,47,0
2025-07-23 15:59:00,14,1,83,81,1
2025-07-30 08:39:00,13,0,176,83,1
2025-07-28 09:16:00,14,1,181,71,0
2025-08-01 05:53:00,1,0,110,99,0
2025-07-26 10:06:00,2,0,68,69,0
2025-07-24 15:54:00,15,0,175,92,1
2025-07-22 19:48:00,4,0,50,76,0
2025-07-26 03:29:00,4,0,79,83,0
2025-07-27 10:55:00,2,1,207,72,1
2025-07-19 21:17:00,3,1,185,74,1
2025-08-01 16:15:00,14,0,149,58,1
2025-07-30 23:23:00,5,0,67,55,0
2025-07-26 12:23:00,1,1,57,51,0
2025-08-01 13:43:00,3,0,62,55,0
2025-07-30 08:58:00,3,0,82,49,0
2025-07-27 00:09:00,6,0,64,81,0
2025-08-01 02:17:00,3,1,130,96,0
2025-08-01 22:10:00,9,0,188,62,0
2025-07-21 06:45:00,13,0,204,89,1
2025-07-28 15:08:00,11,1,177,58,1
2025-07-29 20:18:00,11,0,98,49,1
2025-07-27 21:53:00,15,0,161,96,1
2025-07-25 11:51:00,15,0,189,86,1
2025-07-31 04:27:00,12,0,192,84,1
2025-07-27 11:04:00,13,0,171,97,1
2025-07-21 22:34:00,13,0,186,82,1
2025-07-21 03:34:00,15,0,168,93,1
2025-07-21 23:18:00,14,0,97,73,1
2025-07-28 00:19:00,12,0,151,53,0
2025-07-25 14:51:00,8,1,111,73,1
2025-07-25 11:08:00,10,0,174,89,1
2025-07-28 03:42:00,4,0,46,47,0
2025-07-20 11:52:00,14,0,197,88,1
2025-07-28 15:22:00,12,0,186,86,1
2025-07-29 13:12:00,1,1,80,84,0
2025-08-01 04:02:00,0,0,77,59,0
2025-07-27 14:19:00,4,0,46,55,0
2025-07-26 14:19:00,15,0,205,90,1
2025-07-25 23:26:00,5,1,54,53,0
2025-07-25 08:29:00,9,1,46,49,0
2025-07-22 14:16:00,11,0,187,48,1
2025-07-21 14:01:00,7,0,200,46,0
2025-08-02 02:18:00,13,0,162,96,1
2025-07-23 14:36:00,12,0,189,85,1
2025-07-25 06:26:00,2,0,98,40,0
2025-07-29 00:48:00,13,0,151,99,1
2025-07-28 16:49:00,15,1,40,42,0
2025-07-24 02:49:00,4,0,55,77,0
2025-07-26 23:25:00,1,0,100,58,0
2025-07-23 16:31:00,14,1,67,47,0
2025-07-24 18:47:00,5,1,68,68,0
2025-07-21 04:44:00,5,1,144,56,0
2025-07-24 18:41:00,12,0,160,97,1
2025-07-26 01:43:00,8,1,84,82,1
2025-07-30 09:27:00,6,0,171,65,0
2025-07-30 07:24:00,12,1,59,88,1
2025-08-01 04:58:00,2,1,53,52,0
2025-07-27 04:46:00,1,0,56,42,0
2025-07-23 06:32:00,2,1,50,56,0
2025-07-31 09:41:00,7,0,98,45,0
2025-07-31 02:53:00,9,1,187,72,1
2025-07-30 08:45:00,11,0,169,96,1
2025-07-28 18:02:00,4,1,83,50,0
2025-07-31 22:39:00,12,0,209,81,1
2025-07-21 13:05:00,11,0,193,81,1
2025-07-28 07:04:00,3,1,150,46,0
2025-07-28 17:03:00,8,1,91,42,0
2025-07-22 13:27:00,2,0,188,74,0
2025-07-20 19:06:00,6,1,91,88,1
2025-08-01 19:21:00,4,1,82,61,0
2025-07-20 22:07:00,5,0,52,53,0
2025-08-01 21:34:00,4,0,94,71,0
2025-07-28 07:23:00,3,0,87,46,0
2025-07-30 13:54:00,1,0,157,40,0
2025-07-22 10:59:00,4,0,171,81,1
2025-08-01 01:00:00,0,1,48,80,1
2025-07-28 14:40:00,5,0,74,42,0
2025-07-29 15:01:00,12,0,133,52,0
2025-08-01 00:50:00,3,1,98,47,0
2025-07-22 04:23:00,12,0,199,85,1
2025-07-29 05:40:00,5,0,45,50,0
2025-07-20 18:05:00,11,0,195,95,1
2025-07-21 22:15:00,0,0,90,42,0
2025-07-29 01:36:00,1,1,46,49,0
2025-07-24 13:33:00,0,0,84,42,0
2025-08-01 11:26:00,5,1,176,45,0
2025-07-22 21:53:00,14,0,115,41,1
2025-07-30 23:13:00,1,1,198,97,1
2025-07-31 11:02:00,9,1,127,75,0
2025-07-30 10:55:00,2,0,89,57,0
2025-07-30 23:38:00,0,1,41,43,0
2025-07-25 08:07:00,11,0,127,74,1
2025-07-22 21:34:00,11,0,51,85,1
2025-07-25 22:37:00,13,1,194,96,1
2025-07-27 13:30:00,1,0,78,48,0
2025-07-25 19:54:00,13,0,206,98,1
2025-07-26 01:08:00,3,1,165,85,1
2025-07-29 14:19:00,9,0,170,86,1
2025-07-28 17:23:00,10,0,208,84,1
2025-07-29 11:19:00,7,1,87,68,0
2025-08-01 07:06:00,2,0,169,85,1
2025-07-23 13:58:00,5,0,90,70,0
2025-07-29 06:11:00,12,0,142,40,0
2025-07-22 10:28:00,0,0,74,72,0
2025-08-02 02:46:00,0,0,124,96,0
2025-07-22 14:33:00,13,0,164,88,1
2025-08-02 02:38:00,12,0,188,89,1
2025-07-30 23:30:00,11,0,92,89,1
2025-07-21 16:44:00,13,0,168,84,1
2025-07-21 14:54:00,3,1,54,52,0
2025-07-23 21:04:00,1,0,87,46,0
2025-07-19 14:45:00,8,1,116,50,1
2025-07-20 03:34:00,3,1,53,43,0
2025-07-24 11:43:00,14,1,69,95,1
2025-08-01 17:00:00,7,1,138,90,1
2025-07-19 19:43:00,2,0,53,52,0
2025-07-22 20:15:00,10,1,189,68,1
2025-07-24 15:33:00,4,0,167,71,0
2025-07-24 04:08:00,3,1,96,47,0
2025-07-25 21:33:00,2,1,77,52,0
2025-07-20 11:31:00,1,1,107,43,0
2025-07-20 23:41:00,5,1,49,57,0
2025-07-20 17:12:00,0,1,76,45,0
2025-07-25 22:47:00,7,1,60,59,0
2025-07-29 05:54:00,5,1,147,90,1
2025-07-27 13:03:00,1,0,48,50,0
2025-07-19 22:08:00,11,1,107,97,0
2025-07-28 14:20:00,13,1,141,72,1
2025-07-26 11:12:00,15,0,132,68,0
2025-07-29 19:39:00,8,0,178,41,1
2025-07-21 17:55:00,0,0,137,89,0
2025-07-20 02:20:00,5,1,86,49,0
2025-07-29 14:39:00,1,1,95,60,0
2025-08-02 03:02:00,4,1,208,100,1
2025-07-22 08:08:00,0,0,73,46,0
2025-07-19 14:49:00,5,0,74,51,0
2025-07-21 02:31:00,12,1,177,76,1
2025-07-25 09:27:00,1,1,66,55,0
2025-07-25 18:12:00,1,0,102,78,0
2025-07-21 14:40:00,10,0,187,88,1
2025-07-28 23:15:00,0,1,98,60,0
2025-08-01 23:42:00,14,1,178,60,1
2025-07-26 20:20:00,15,0,196,91,1
2025-07-27 09:25:00,9,1,190,97,0
2025-07-29 15:14:00,2,0,132,86,0
2025-07-28 17:32:00,6,1,186,68,0
2025-07-26 01:34:00,0,1,92,58,0
2025-07-30 05:27:00,11,0,101,97,1
2025-07-21 17:56:00,14,1,107,91,0
2025-07-27 09:52:00,12,0,176,96,1
2025-07-31 20:50:00,5,1,165,54,0
2025-07-31 06:29:00,15,0,178,83,1
2025-07-31 19:56:00,11,0,198,84,1
2025-07-25 16:24:00,0,0,84,46,0
2025-07-26 15:52:00,10,0,88,82,1
2025-07-31 12:03:00,9,0,167,83,1
2025-07-28 13:48:00,2,1,57,45,0
2025-07-29 18:49:00,13,0,192,86,1
2025-07-25 03:59:00,11,0,171,80,1
2025-07-31 01:10:00,14,1,87,90,1
2025-07-23 14:07:00,15,0,206,89,1
2025-07-29 00:49:00,4,0,65,51,0
2025-07-30 15:11:00,2,1,58,75,0
2025-07-21 22:14:00,15,0,197,81,1
2025-08-01 03:52:00,8,1,115,68,0
2025-07-25 04:23:00,1,1,57,56,0
2025-07-27 21:51:00,0,0,83,43,0
2025-07-19 12:02:00,5,1,66,53,0
2025-08-02 04:33:00,11,0,182,89,1
2025-07-20 03:27:00,1,0,66,97,0
2025-07-19 14:06:00,7,1,88,99,0
2025-07-30 14:08:00,1,0,144,62,0
2025-07-22 23:54:00,5,0,91,40,0
2025-07-28 23:44:00,13,0,182,94,1
2025-07-27 11:07:00,5,1,171,41,1
2025-07-28 13:32:00,0,1,98,58,0
2025-07-29 10:55:00,3,1,68,43,0
2025-08-01 23:22:00,5,1,47,74,0
2025-07-27 17:50:00,3,1,45,58,0
2025-08-01 13:30:00,3,0,40,41,0
2025-07-31 08:11:00,8,0,145,91,0
2025-07-20 05:28:00,9,1,131,65,0
2025-07-19 10:53:00,1,1,154,49,0
2025-07-23 05:27:00,15,0,179,96,1
2025-07-19 18:18:00,2,0,200,63,1
2025-07-31 03:51:00,5,0,183,93,1
2025-07-23 19:06:00,3,0,77,84,0
2025-07-31 10:11:00,11,0,170,92,1
2025-07-24 17:03:00,9,0,160,80,1
2025-07-21 18:41:00,14,1,176,44,1
2025-07-26 18:48:00,4,0,54,54,0
2025-07-21 22:17:00,6,0,48,55,0
2025-08-02 04:24:00,12,0,195,60,0
2025-08-01 06:04:00,0,0,95,44,0
2025-07-30 15:16:00,4,1,47,58,0
2025-07-20 02:06:00,2,1,54,56,0
2025-07-24 17:18:00,12,0,197,91,1
2025-07-23 18:39:00,0,1,63,42,0
2025-07-28 21:36:00,0,0,77,53,0
2025-07-28 01:16:00,13,0,195,81,1
2025-07-27 06:36:00,9,0,195,96,1
2025-07-28 02:44:00,15,0,207,98,1
2025-07-22 08:43:00,11,0,166,89,1
2025-07-31 16:16:00,3,1,100,48,0
2025-07-31 15:57:00,10,0,142,90,0
2025-07-22 14:08:00,10,0,92,91,1
2025-07-22 13:01:00,3,0,81,46,0
2025-07-19 16:31:00,1,1,152,71,0
2025-08-01 01:57:00,2,1,54,44,0
2025-07-26 21:51:00,6,0,126,86,1
2025-07-29 00:10:00,2,1,159,75,0
2025-07-23 02:27:00,11,0,206,93,1
2025-07-25 18:39:00,11,1,156,49,1
2025-07-22 06:55:00,14,0,164,94,1
2025-07-26 02:44:00,5,1,111,95,0
2025-07-31 19:19:00,13,0,196,92,1
2025-08-01 10:33:00,9,0,175,89,1
2025-07-23 15:48:00,4,1,90,46,0
2025-08-01 15:36:00,15,0,61,60,1
